,date,time,temp,dewpoint,humidity,wind,windspeed,windgust,pressurre,precip,condit
0,2019-06-28,12:20 AM,59 °F,54 °F,82 %,NE,6 mph,0 mph,30.16 in,0.0 in,Fair
1,2019-06-28,12:50 AM,57 °F,55 °F,94 %,NE,7 mph,0 mph,30.16 in,0.0 in,Fair
2,2019-06-28,1:20 AM,55 °F,54 °F,94 %,NE,6 mph,0 mph,30.16 in,0.0 in,Fair
3,2019-06-28,1:50 AM,55 °F,54 °F,94 %,NE,6 mph,0 mph,30.16 in,0.0 in,Fair
4,2019-06-28,2:20 AM,54 °F,52 °F,94 %,NE,6 mph,0 mph,30.16 in,0.0 in,Fair
5,2019-06-28,2:50 AM,54 °F,52 °F,94 %,NE,5 mph,0 mph,30.16 in,0.0 in,Fair
6,2019-06-28,3:20 AM,54 °F,52 °F,94 %,NE,6 mph,0 mph,30.16 in,0.0 in,Fair
7,2019-06-28,3:50 AM,52 °F,52 °F,100 %,NE,6 mph,0 mph,30.16 in,0.0 in,Fair
8,2019-06-28,4:20 AM,52 °F,50 °F,94 %,NE,5 mph,0 mph,30.16 in,0.0 in,Fair
9,2019-06-28,4:50 AM,52 °F,50 °F,94 %,NE,5 mph,0 mph,30.16 in,0.0 in,Fair
10,2019-06-28,5:20 AM,52 °F,50 °F,94 %,NE,6 mph,0 mph,30.16 in,0.0 in,Fair
11,2019-06-28,5:50 AM,52 °F,50 °F,94 %,NE,5 mph,0 mph,30.16 in,0.0 in,Fair
12,2019-06-28,6:20 AM,52 °F,50 °F,94 %,ENE,6 mph,0 mph,30.16 in,0.0 in,Fair
13,2019-06-28,6:50 AM,54 °F,52 °F,94 %,NE,5 mph,0 mph,30.16 in,0.0 in,Fair
14,2019-06-28,7:20 AM,55 °F,52 °F,88 %,ENE,6 mph,0 mph,30.16 in,0.0 in,Fair
15,2019-06-28,7:50 AM,55 °F,52 °F,88 %,ENE,6 mph,0 mph,30.16 in,0.0 in,Fair
16,2019-06-28,8:20 AM,57 °F,52 °F,82 %,ENE,7 mph,0 mph,30.16 in,0.0 in,Fair
17,2019-06-28,8:50 AM,59 °F,52 °F,77 %,ENE,7 mph,0 mph,30.16 in,0.0 in,Fair
18,2019-06-28,9:20 AM,61 °F,54 °F,77 %,E,6 mph,0 mph,30.16 in,0.0 in,Fair
19,2019-06-28,9:50 AM,63 °F,54 °F,72 %,ENE,6 mph,0 mph,30.16 in,0.0 in,Fair
20,2019-06-28,10:20 AM,64 °F,55 °F,73 %,NE,6 mph,0 mph,30.16 in,0.0 in,Fair
21,2019-06-28,10:50 AM,64 °F,54 °F,68 %,ENE,7 mph,0 mph,30.13 in,0.0 in,Fair
22,2019-06-28,11:20 AM,66 °F,54 °F,64 %,ENE,6 mph,0 mph,30.13 in,0.0 in,Fair
23,2019-06-28,11:50 AM,68 °F,54 °F,60 %,NE,7 mph,0 mph,30.13 in,0.0 in,Fair
24,2019-06-28,12:20 PM,68 °F,55 °F,64 %,ENE,7 mph,0 mph,30.13 in,0.0 in,Fair
25,2019-06-28,12:50 PM,70 °F,55 °F,60 %,VAR,3 mph,0 mph,30.13 in,0.0 in,Fair
26,2019-06-28,1:20 PM,72 °F,18 °F,13 %,NNE,5 mph,0 mph,30.13 in,0.0 in,Fair
27,2019-06-28,1:50 PM,72 °F,55 °F,57 %,NE,7 mph,0 mph,30.13 in,0.0 in,Fair
28,2019-06-28,2:20 PM,73 °F,55 °F,53 %,NE,7 mph,0 mph,30.10 in,0.0 in,Fair
29,2019-06-28,2:50 PM,73 °F,55 °F,53 %,ENE,6 mph,0 mph,30.10 in,0.0 in,Fair
30,2019-06-28,3:20 PM,75 °F,55 °F,50 %,E,6 mph,0 mph,30.10 in,0.0 in,Fair
31,2019-06-28,3:50 PM,75 °F,55 °F,50 %,ENE,6 mph,0 mph,30.10 in,0.0 in,Fair
32,2019-06-28,4:20 PM,75 °F,57 °F,53 %,ENE,6 mph,0 mph,30.10 in,0.0 in,Fair
33,2019-06-28,4:50 PM,77 °F,55 °F,47 %,ENE,7 mph,0 mph,30.07 in,0.0 in,Fair
34,2019-06-28,5:20 PM,77 °F,55 °F,47 %,ENE,6 mph,0 mph,30.07 in,0.0 in,Fair
35,2019-06-28,5:50 PM,77 °F,55 °F,47 %,ENE,7 mph,0 mph,30.07 in,0.0 in,Fair
36,2019-06-28,6:20 PM,77 °F,55 °F,47 %,ENE,6 mph,0 mph,30.07 in,0.0 in,Fair
37,2019-06-28,6:50 PM,77 °F,55 °F,47 %,NE,7 mph,0 mph,30.04 in,0.0 in,Fair
38,2019-06-28,7:20 PM,77 °F,57 °F,50 %,ENE,6 mph,0 mph,30.04 in,0.0 in,Fair
39,2019-06-28,7:50 PM,75 °F,57 °F,53 %,ENE,6 mph,0 mph,30.04 in,0.0 in,Fair
40,2019-06-28,8:20 PM,75 °F,55 °F,50 %,E,6 mph,0 mph,30.04 in,0.0 in,Fair
41,2019-06-28,8:50 PM,73 °F,55 °F,53 %,E,5 mph,0 mph,30.04 in,0.0 in,Fair
42,2019-06-28,9:20 PM,72 °F,55 °F,57 %,ENE,3 mph,0 mph,30.04 in,0.0 in,Fair
43,2019-06-28,9:50 PM,72 °F,55 °F,57 %,ENE,3 mph,0 mph,30.04 in,0.0 in,Fair
44,2019-06-28,10:20 PM,70 °F,54 °F,56 %,E,2 mph,0 mph,30.04 in,0.0 in,Fair
45,2019-06-28,10:50 PM,70 °F,52 °F,53 %,ENE,2 mph,0 mph,30.04 in,0.0 in,Fair
46,2019-06-28,11:20 PM,68 °F,52 °F,56 %,VAR,2 mph,0 mph,30.04 in,0.0 in,Fair
47,2019-06-28,11:50 PM,66 °F,52 °F,60 %,ENE,2 mph,0 mph,30.04 in,0.0 in,Fair
48,2019-06-29,12:20 AM,66 °F,52 °F,60 %,ENE,2 mph,0 mph,30.04 in,0.0 in,Fair
49,2019-06-29,12:50 AM,64 °F,52 °F,64 %,E,3 mph,0 mph,30.04 in,0.0 in,Fair
50,2019-06-29,1:20 AM,64 °F,52 °F,64 %,E,3 mph,0 mph,30.01 in,0.0 in,Fair
51,2019-06-29,1:50 AM,63 °F,52 °F,68 %,E,3 mph,0 mph,30.01 in,0.0 in,Fair
52,2019-06-29,2:20 AM,61 °F,52 °F,72 %,VAR,2 mph,0 mph,30.01 in,0.0 in,Fair
53,2019-06-29,2:50 AM,61 °F,52 °F,72 %,E,3 mph,0 mph,30.01 in,0.0 in,Fair
54,2019-06-29,3:20 AM,61 °F,52 °F,72 %,E,5 mph,0 mph,30.01 in,0.0 in,Fair
55,2019-06-29,3:50 AM,59 °F,52 °F,77 %,E,3 mph,0 mph,29.98 in,0.0 in,Fair
56,2019-06-29,4:20 AM,57 °F,52 °F,82 %,E,3 mph,0 mph,29.98 in,0.0 in,Fair
57,2019-06-29,4:50 AM,59 °F,52 °F,77 %,E,1 mph,0 mph,29.98 in,0.0 in,Fair
58,2019-06-29,5:20 AM,57 °F,52 °F,82 %,E,3 mph,0 mph,29.98 in,0.0 in,Fair
59,2019-06-29,5:50 AM,57 °F,52 °F,82 %,E,2 mph,0 mph,29.98 in,0.0 in,Fair
60,2019-06-29,6:20 AM,57 °F,54 °F,88 %,E,2 mph,0 mph,29.98 in,0.0 in,Fair
61,2019-06-29,6:50 AM,59 °F,55 °F,88 %,E,2 mph,0 mph,29.98 in,0.0 in,Fair
62,2019-06-29,7:20 AM,61 °F,57 °F,88 %,VAR,1 mph,0 mph,29.95 in,0.0 in,Fair
63,2019-06-29,7:50 AM,64 °F,57 °F,77 %,ESE,3 mph,0 mph,29.95 in,0.0 in,Fair
64,2019-06-29,8:20 AM,66 °F,55 °F,68 %,ESE,5 mph,0 mph,29.98 in,0.0 in,Fair
65,2019-06-29,8:50 AM,70 °F,55 °F,60 %,ESE,5 mph,0 mph,29.98 in,0.0 in,Fair
66,2019-06-29,9:20 AM,72 °F,57 °F,60 %,ESE,5 mph,0 mph,29.98 in,0.0 in,Fair
67,2019-06-29,9:50 AM,73 °F,55 °F,53 %,E,3 mph,0 mph,29.95 in,0.0 in,Fair
68,2019-06-29,10:20 AM,77 °F,57 °F,50 %,ESE,3 mph,0 mph,29.95 in,0.0 in,Fair
69,2019-06-29,10:50 AM,79 °F,55 °F,44 %,SE,3 mph,0 mph,29.95 in,0.0 in,Fair
70,2019-06-29,11:20 AM,81 °F,57 °F,45 %,SE,5 mph,0 mph,29.95 in,0.0 in,Fair
71,2019-06-29,11:50 AM,82 °F,57 °F,42 %,ESE,3 mph,0 mph,29.95 in,0.0 in,Fair
72,2019-06-29,12:20 PM,82 °F,54 °F,37 %,ESE,6 mph,0 mph,29.95 in,0.0 in,Fair
73,2019-06-29,12:50 PM,82 °F,55 °F,39 %,E,8 mph,0 mph,29.92 in,0.0 in,Fair
74,2019-06-29,1:20 PM,84 °F,59 °F,42 %,SE,7 mph,0 mph,29.92 in,0.0 in,Fair
75,2019-06-29,1:50 PM,84 °F,57 °F,40 %,ESE,6 mph,0 mph,29.92 in,0.0 in,Fair
76,2019-06-29,2:20 PM,86 °F,61 °F,43 %,E,5 mph,0 mph,29.92 in,0.0 in,Fair
77,2019-06-29,2:50 PM,86 °F,59 °F,40 %,VAR,3 mph,0 mph,29.89 in,0.0 in,Fair
78,2019-06-29,3:20 PM,86 °F,59 °F,40 %,SE,7 mph,0 mph,29.89 in,0.0 in,Fair
79,2019-06-29,3:50 PM,88 °F,59 °F,38 %,SE,5 mph,0 mph,29.89 in,0.0 in,Fair
80,2019-06-29,4:20 PM,88 °F,59 °F,38 %,ESE,6 mph,0 mph,29.86 in,0.0 in,Fair
81,2019-06-29,4:50 PM,88 °F,59 °F,38 %,ESE,7 mph,0 mph,29.86 in,0.0 in,Fair
82,2019-06-29,5:20 PM,88 °F,64 °F,46 %,SE,7 mph,0 mph,29.86 in,0.0 in,Fair
83,2019-06-29,5:50 PM,88 °F,61 °F,40 %,ESE,6 mph,0 mph,29.83 in,0.0 in,Fair
84,2019-06-29,6:20 PM,88 °F,59 °F,38 %,ESE,6 mph,0 mph,29.83 in,0.0 in,Fair
85,2019-06-29,6:50 PM,88 °F,59 °F,38 %,ESE,5 mph,0 mph,29.83 in,0.0 in,Fair
86,2019-06-29,7:20 PM,88 °F,61 °F,40 %,ESE,3 mph,0 mph,29.83 in,0.0 in,Fair
87,2019-06-29,7:50 PM,88 °F,61 °F,40 %,ESE,5 mph,0 mph,29.81 in,0.0 in,Fair
88,2019-06-29,8:20 PM,86 °F,59 °F,40 %,ESE,5 mph,0 mph,29.81 in,0.0 in,Fair
89,2019-06-29,8:50 PM,84 °F,61 °F,45 %,ESE,5 mph,0 mph,29.81 in,0.0 in,Fair
90,2019-06-29,9:20 PM,82 °F,63 °F,51 %,ESE,5 mph,0 mph,29.81 in,0.0 in,Fair
91,2019-06-29,9:50 PM,79 °F,63 °F,57 %,ESE,3 mph,0 mph,29.78 in,0.0 in,Fair
92,2019-06-29,10:20 PM,73 °F,63 °F,69 %,SE,5 mph,0 mph,29.78 in,0.0 in,Fair
93,2019-06-29,10:50 PM,72 °F,61 °F,69 %,SE,6 mph,0 mph,29.78 in,0.0 in,Fair
94,2019-06-29,11:20 PM,72 °F,61 °F,69 %,SSE,5 mph,0 mph,29.78 in,0.0 in,Fair
95,2019-06-29,11:50 PM,72 °F,61 °F,69 %,SSE,5 mph,0 mph,29.78 in,0.0 in,Fair
96,2019-06-30,12:20 AM,70 °F,59 °F,68 %,SSE,5 mph,0 mph,29.78 in,0.0 in,Fair
97,2019-06-30,12:50 AM,70 °F,59 °F,68 %,S,7 mph,0 mph,29.78 in,0.0 in,Fair
98,2019-06-30,1:20 AM,70 °F,57 °F,64 %,S,7 mph,0 mph,29.75 in,0.0 in,Fair
99,2019-06-30,1:50 AM,72 °F,57 °F,60 %,S,8 mph,0 mph,29.75 in,0.0 in,Fair
100,2019-06-30,2:20 AM,72 °F,55 °F,57 %,S,8 mph,0 mph,29.75 in,0.0 in,Fair
101,2019-06-30,2:50 AM,73 °F,55 °F,53 %,S,9 mph,0 mph,29.75 in,0.0 in,Fair
102,2019-06-30,3:20 AM,72 °F,55 °F,57 %,S,9 mph,0 mph,29.72 in,0.0 in,Fair
103,2019-06-30,3:50 AM,68 °F,55 °F,64 %,S,7 mph,0 mph,29.72 in,0.0 in,Fair
104,2019-06-30,4:20 AM,68 °F,55 °F,64 %,S,7 mph,0 mph,29.72 in,0.0 in,Fair
105,2019-06-30,4:50 AM,70 °F,54 °F,56 %,S,9 mph,0 mph,29.72 in,0.0 in,Fair
106,2019-06-30,5:20 AM,70 °F,55 °F,60 %,SW,9 mph,0 mph,29.75 in,0.0 in,Fair
107,2019-06-30,5:50 AM,68 °F,57 °F,68 %,SSW,7 mph,0 mph,29.75 in,0.0 in,Fair
108,2019-06-30,6:20 AM,70 °F,57 °F,64 %,SW,8 mph,0 mph,29.75 in,0.0 in,Fair
109,2019-06-30,6:50 AM,72 °F,59 °F,64 %,WSW,8 mph,0 mph,29.78 in,0.0 in,Fair
110,2019-06-30,7:20 AM,73 °F,61 °F,65 %,WSW,10 mph,0 mph,29.78 in,0.0 in,Fair
111,2019-06-30,7:50 AM,73 °F,63 °F,69 %,W,9 mph,0 mph,29.78 in,0.0 in,Fair
112,2019-06-30,8:20 AM,72 °F,63 °F,73 %,W,14 mph,0 mph,29.81 in,0.0 in,Fair
113,2019-06-30,8:50 AM,72 °F,64 °F,78 %,WNW,13 mph,0 mph,29.81 in,0.0 in,Fair
114,2019-06-30,9:20 AM,73 °F,64 °F,73 %,WNW,10 mph,0 mph,29.81 in,0.0 in,Fair
115,2019-06-30,9:50 AM,73 °F,64 °F,73 %,NW,12 mph,0 mph,29.83 in,0.0 in,Fair
116,2019-06-30,10:20 AM,73 °F,64 °F,73 %,WNW,9 mph,0 mph,29.83 in,0.0 in,Fair
117,2019-06-30,10:50 AM,73 °F,64 °F,73 %,WNW,10 mph,0 mph,29.86 in,0.0 in,Mostly Cloudy
118,2019-06-30,11:20 AM,73 °F,64 °F,73 %,W,10 mph,0 mph,29.86 in,0.0 in,Mostly Cloudy
119,2019-06-30,11:50 AM,73 °F,64 °F,73 %,WNW,10 mph,0 mph,29.89 in,0.0 in,Mostly Cloudy
120,2019-06-30,12:20 PM,73 °F,64 °F,73 %,W,10 mph,0 mph,29.89 in,0.0 in,Partly Cloudy
121,2019-06-30,12:50 PM,75 °F,64 °F,69 %,WNW,10 mph,0 mph,29.89 in,0.0 in,Fair
122,2019-06-30,1:20 PM,75 °F,63 °F,65 %,W,9 mph,0 mph,29.89 in,0.0 in,Fair
123,2019-06-30,1:50 PM,77 °F,63 °F,61 %,WNW,7 mph,0 mph,29.89 in,0.0 in,Fair
124,2019-06-30,2:20 PM,77 °F,59 °F,54 %,W,6 mph,0 mph,29.89 in,0.0 in,Fair
125,2019-06-30,2:50 PM,77 °F,57 °F,50 %,WNW,5 mph,0 mph,29.86 in,0.0 in,Fair
126,2019-06-30,3:20 PM,77 °F,59 °F,54 %,W,7 mph,0 mph,29.89 in,0.0 in,Fair
127,2019-06-30,3:50 PM,75 °F,61 °F,61 %,WNW,6 mph,0 mph,29.89 in,0.0 in,Fair
128,2019-06-30,4:20 PM,77 °F,57 °F,50 %,NW,10 mph,0 mph,29.89 in,0.0 in,Fair
129,2019-06-30,4:50 PM,77 °F,59 °F,54 %,W,9 mph,0 mph,29.89 in,0.0 in,Fair
130,2019-06-30,5:20 PM,77 °F,57 °F,50 %,WNW,12 mph,0 mph,29.89 in,0.0 in,Fair
131,2019-06-30,5:50 PM,75 °F,55 °F,50 %,WNW,10 mph,0 mph,29.89 in,0.0 in,Fair
132,2019-06-30,6:20 PM,77 °F,57 °F,50 %,WNW,8 mph,0 mph,29.89 in,0.0 in,Fair
133,2019-06-30,6:50 PM,75 °F,55 °F,50 %,W,10 mph,0 mph,29.89 in,0.0 in,Fair
134,2019-06-30,7:20 PM,77 °F,55 °F,47 %,W,6 mph,0 mph,29.89 in,0.0 in,Fair
135,2019-06-30,7:50 PM,75 °F,55 °F,50 %,W,8 mph,0 mph,29.86 in,0.0 in,Fair
136,2019-06-30,8:20 PM,75 °F,59 °F,57 %,W,8 mph,0 mph,29.86 in,0.0 in,Fair
137,2019-06-30,8:50 PM,73 °F,57 °F,57 %,W,8 mph,0 mph,29.86 in,0.0 in,Fair
138,2019-06-30,9:20 PM,72 °F,54 °F,53 %,W,8 mph,0 mph,29.86 in,0.0 in,Fair
139,2019-06-30,9:50 PM,70 °F,57 °F,64 %,NNW,6 mph,0 mph,29.86 in,0.0 in,Fair
140,2019-06-30,10:20 PM,70 °F,57 °F,64 %,NNW,6 mph,0 mph,29.89 in,0.0 in,Fair
141,2019-06-30,10:50 PM,68 °F,57 °F,68 %,NW,5 mph,0 mph,29.89 in,0.0 in,Fair
142,2019-06-30,11:20 PM,66 °F,57 °F,73 %,NW,5 mph,0 mph,29.89 in,0.0 in,Fair
143,2019-06-30,11:50 PM,66 °F,59 °F,78 %,NW,3 mph,0 mph,29.89 in,0.0 in,Fair
144,2019-07-01,12:20 AM,64 °F,57 °F,77 %,VAR,2 mph,0 mph,29.89 in,0.0 in,Fair
145,2019-07-01,12:50 AM,66 °F,55 °F,68 %,W,7 mph,0 mph,29.92 in,0.0 in,Fair
146,2019-07-01,1:20 AM,64 °F,55 °F,73 %,W,9 mph,0 mph,29.92 in,0.0 in,Fair
147,2019-07-01,1:50 AM,63 °F,54 °F,72 %,W,8 mph,0 mph,29.92 in,0.0 in,Fair
148,2019-07-01,2:20 AM,61 °F,54 °F,77 %,WSW,6 mph,0 mph,29.92 in,0.0 in,Fair
149,2019-07-01,2:50 AM,61 °F,54 °F,77 %,W,7 mph,0 mph,29.92 in,0.0 in,Fair
150,2019-07-01,3:20 AM,61 °F,54 °F,77 %,WSW,6 mph,0 mph,29.89 in,0.0 in,Fair
151,2019-07-01,3:50 AM,61 °F,54 °F,77 %,W,8 mph,0 mph,29.89 in,0.0 in,Fair
152,2019-07-01,4:20 AM,59 °F,54 °F,82 %,WSW,7 mph,0 mph,29.89 in,0.0 in,Fair
153,2019-07-01,4:50 AM,59 °F,54 °F,82 %,SW,6 mph,0 mph,29.89 in,0.0 in,Fair
154,2019-07-01,5:20 AM,59 °F,54 °F,82 %,WSW,6 mph,0 mph,29.92 in,0.0 in,Fair
155,2019-07-01,5:50 AM,59 °F,54 °F,82 %,WSW,7 mph,0 mph,29.92 in,0.0 in,Fair
156,2019-07-01,6:20 AM,57 °F,54 °F,88 %,WSW,6 mph,0 mph,29.92 in,0.0 in,Fair
157,2019-07-01,6:50 AM,59 °F,55 °F,88 %,WSW,6 mph,0 mph,29.92 in,0.0 in,Fair
158,2019-07-01,7:20 AM,61 °F,55 °F,82 %,W,7 mph,0 mph,29.92 in,0.0 in,Fair
159,2019-07-01,7:50 AM,61 °F,55 °F,82 %,W,8 mph,0 mph,29.92 in,0.0 in,Fair
160,2019-07-01,8:20 AM,63 °F,57 °F,82 %,W,7 mph,0 mph,29.92 in,0.0 in,Fair
161,2019-07-01,8:50 AM,64 °F,57 °F,77 %,WSW,6 mph,0 mph,29.95 in,0.0 in,Fair
162,2019-07-01,9:20 AM,64 °F,57 °F,77 %,SW,6 mph,0 mph,29.95 in,0.0 in,Fair
163,2019-07-01,9:50 AM,66 °F,55 °F,68 %,WSW,7 mph,0 mph,29.95 in,0.0 in,Fair
164,2019-07-01,10:20 AM,66 °F,54 °F,64 %,WSW,9 mph,0 mph,29.98 in,0.0 in,Partly Cloudy
165,2019-07-01,10:50 AM,66 °F,54 °F,64 %,WSW,10 mph,0 mph,29.95 in,0.0 in,Partly Cloudy
166,2019-07-01,11:20 AM,68 °F,54 °F,60 %,W,10 mph,0 mph,29.95 in,0.0 in,Fair
167,2019-07-01,11:50 AM,70 °F,55 °F,60 %,W,13 mph,0 mph,29.95 in,0.0 in,Partly Cloudy
168,2019-07-01,12:20 PM,68 °F,54 °F,60 %,W,13 mph,0 mph,29.95 in,0.0 in,Partly Cloudy
169,2019-07-01,12:50 PM,70 °F,54 °F,56 %,W,10 mph,0 mph,29.95 in,0.0 in,Partly Cloudy
170,2019-07-01,1:20 PM,68 °F,54 °F,60 %,WNW,10 mph,0 mph,29.95 in,0.0 in,Partly Cloudy
171,2019-07-01,1:50 PM,70 °F,55 °F,60 %,WNW,12 mph,0 mph,29.95 in,0.0 in,Partly Cloudy
172,2019-07-01,2:20 PM,70 °F,54 °F,56 %,WNW,10 mph,0 mph,29.95 in,0.0 in,Partly Cloudy
173,2019-07-01,2:50 PM,72 °F,52 °F,50 %,W,13 mph,0 mph,29.98 in,0.0 in,Fair
174,2019-07-01,3:20 PM,72 °F,54 °F,53 %,W,10 mph,0 mph,29.98 in,0.0 in,Fair
175,2019-07-01,3:50 PM,72 °F,52 °F,50 %,NW,10 mph,0 mph,29.95 in,0.0 in,Fair
176,2019-07-01,4:20 PM,73 °F,50 °F,44 %,WNW,13 mph,0 mph,29.98 in,0.0 in,Fair
177,2019-07-01,4:50 PM,73 °F,54 °F,50 %,WNW,7 mph,0 mph,29.95 in,0.0 in,Fair
178,2019-07-01,5:20 PM,72 °F,52 °F,50 %,WNW,9 mph,0 mph,29.95 in,0.0 in,Fair
179,2019-07-01,5:50 PM,70 °F,55 °F,60 %,NNW,9 mph,0 mph,29.95 in,0.0 in,Fair
180,2019-07-01,6:20 PM,70 °F,54 °F,56 %,N,14 mph,0 mph,29.95 in,0.0 in,Fair
181,2019-07-01,6:50 PM,68 °F,54 °F,60 %,NNW,15 mph,0 mph,29.98 in,0.0 in,Fair
182,2019-07-01,7:20 PM,68 °F,54 °F,60 %,NNW,12 mph,0 mph,29.98 in,0.0 in,Fair
183,2019-07-01,7:50 PM,66 °F,54 °F,64 %,NNW,13 mph,0 mph,29.98 in,0.0 in,Fair
184,2019-07-01,8:20 PM,66 °F,54 °F,64 %,N,12 mph,0 mph,29.98 in,0.0 in,Fair
185,2019-07-01,8:50 PM,64 °F,52 °F,64 %,NNW,8 mph,0 mph,29.98 in,0.0 in,Fair
186,2019-07-01,9:20 PM,64 °F,50 °F,59 %,NNW,8 mph,0 mph,30.01 in,0.0 in,Fair
187,2019-07-01,9:50 PM,63 °F,50 °F,63 %,NW,7 mph,0 mph,30.01 in,0.0 in,Fair
188,2019-07-01,10:20 PM,61 °F,50 °F,68 %,NW,6 mph,0 mph,30.01 in,0.0 in,Fair
189,2019-07-01,10:50 PM,59 °F,50 °F,72 %,NW,5 mph,0 mph,30.04 in,0.0 in,Fair
190,2019-07-01,11:20 PM,57 °F,50 °F,77 %,NW,3 mph,0 mph,30.04 in,0.0 in,Fair
191,2019-07-01,11:50 PM,57 °F,50 °F,77 %,NW,5 mph,0 mph,30.04 in,0.0 in,Fair
192,2019-07-02,12:20 AM,57 °F,50 °F,77 %,NW,5 mph,0 mph,30.04 in,0.0 in,Fair
193,2019-07-02,12:50 AM,57 °F,50 °F,77 %,NW,5 mph,0 mph,30.04 in,0.0 in,Fair
194,2019-07-02,1:20 AM,57 °F,50 °F,77 %,NW,3 mph,0 mph,30.04 in,0.0 in,Fair
195,2019-07-02,1:50 AM,55 °F,50 °F,82 %,NW,3 mph,0 mph,30.04 in,0.0 in,Fair
196,2019-07-02,2:20 AM,57 °F,50 °F,77 %,WNW,3 mph,0 mph,30.04 in,0.0 in,Fair
197,2019-07-02,2:50 AM,54 °F,50 °F,88 %,W,2 mph,0 mph,30.04 in,0.0 in,Fair
198,2019-07-02,3:20 AM,57 °F,50 °F,77 %,W,3 mph,0 mph,30.04 in,0.0 in,Fair
199,2019-07-02,3:50 AM,55 °F,50 °F,82 %,W,3 mph,0 mph,30.04 in,0.0 in,Fair
200,2019-07-02,4:20 AM,55 °F,50 °F,82 %,WSW,5 mph,0 mph,30.04 in,0.0 in,Fair
201,2019-07-02,4:50 AM,54 °F,50 °F,88 %,WSW,5 mph,0 mph,30.04 in,0.0 in,Fair
202,2019-07-02,5:20 AM,54 °F,50 °F,88 %,WSW,5 mph,0 mph,30.04 in,0.0 in,Fair
203,2019-07-02,5:50 AM,54 °F,50 °F,88 %,WSW,5 mph,0 mph,30.07 in,0.0 in,Fair
204,2019-07-02,6:20 AM,54 °F,50 °F,88 %,W,3 mph,0 mph,30.07 in,0.0 in,Fair
205,2019-07-02,6:50 AM,57 °F,54 °F,88 %,W,3 mph,0 mph,30.07 in,0.0 in,Fair
206,2019-07-02,7:20 AM,59 °F,55 °F,88 %,WNW,5 mph,0 mph,30.07 in,0.0 in,Fair
207,2019-07-02,7:50 AM,61 °F,55 °F,82 %,NW,5 mph,0 mph,30.07 in,0.0 in,Fair
208,2019-07-02,8:20 AM,63 °F,55 °F,77 %,N,5 mph,0 mph,30.07 in,0.0 in,Fair
209,2019-07-02,8:50 AM,63 °F,55 °F,77 %,N,3 mph,0 mph,30.07 in,0.0 in,Fair
210,2019-07-02,9:20 AM,64 °F,54 °F,68 %,NNE,6 mph,0 mph,30.07 in,0.0 in,Fair
211,2019-07-02,9:50 AM,64 °F,54 °F,68 %,N,5 mph,0 mph,30.07 in,0.0 in,Fair
212,2019-07-02,10:20 AM,66 °F,54 °F,64 %,NW,5 mph,0 mph,30.07 in,0.0 in,Partly Cloudy
213,2019-07-02,10:50 AM,66 °F,54 °F,64 %,NNW,6 mph,0 mph,30.07 in,0.0 in,Fair
214,2019-07-02,11:20 AM,66 °F,50 °F,56 %,VAR,5 mph,0 mph,30.07 in,0.0 in,Fair
215,2019-07-02,11:50 AM,68 °F,52 °F,56 %,VAR,3 mph,0 mph,30.07 in,0.0 in,Fair
216,2019-07-02,12:20 PM,68 °F,52 °F,56 %,NW,3 mph,0 mph,30.07 in,0.0 in,Fair
217,2019-07-02,12:50 PM,68 °F,52 °F,56 %,WNW,3 mph,0 mph,30.07 in,0.0 in,Fair
218,2019-07-02,1:20 PM,70 °F,50 °F,49 %,NNW,5 mph,0 mph,30.07 in,0.0 in,Fair
219,2019-07-02,1:50 PM,70 °F,52 °F,53 %,NE,6 mph,0 mph,30.07 in,0.0 in,Fair
220,2019-07-02,2:20 PM,70 °F,52 °F,53 %,NNW,6 mph,0 mph,30.07 in,0.0 in,Fair
221,2019-07-02,2:50 PM,70 °F,54 °F,56 %,N,5 mph,0 mph,30.07 in,0.0 in,Fair
222,2019-07-02,3:20 PM,72 °F,55 °F,57 %,VAR,5 mph,0 mph,30.07 in,0.0 in,Fair
223,2019-07-02,3:50 PM,70 °F,52 °F,53 %,NNE,8 mph,0 mph,30.07 in,0.0 in,Fair
224,2019-07-02,4:20 PM,72 °F,55 °F,57 %,NNE,6 mph,0 mph,30.07 in,0.0 in,Fair
225,2019-07-02,4:50 PM,70 °F,54 °F,56 %,NNE,5 mph,0 mph,30.07 in,0.0 in,Fair
226,2019-07-02,5:20 PM,70 °F,52 °F,53 %,NNE,8 mph,0 mph,30.07 in,0.0 in,Fair
227,2019-07-02,5:50 PM,70 °F,52 °F,53 %,NNE,6 mph,0 mph,30.07 in,0.0 in,Fair
228,2019-07-02,6:20 PM,70 °F,50 °F,49 %,NNE,8 mph,0 mph,30.04 in,0.0 in,Fair
229,2019-07-02,6:50 PM,72 °F,48 °F,43 %,NE,7 mph,0 mph,30.04 in,0.0 in,Fair
230,2019-07-02,7:20 PM,68 °F,52 °F,56 %,NNE,6 mph,0 mph,30.04 in,0.0 in,Fair
231,2019-07-02,7:50 PM,68 °F,50 °F,52 %,NNE,7 mph,0 mph,30.04 in,0.0 in,Fair
232,2019-07-02,8:20 PM,68 °F,48 °F,49 %,N,12 mph,0 mph,30.04 in,0.0 in,Fair
233,2019-07-02,8:50 PM,66 °F,48 °F,52 %,N,10 mph,0 mph,30.04 in,0.0 in,Fair
234,2019-07-02,9:20 PM,64 °F,48 °F,56 %,N,12 mph,0 mph,30.07 in,0.0 in,Fair
235,2019-07-02,9:50 PM,63 °F,46 °F,55 %,N,9 mph,0 mph,30.07 in,0.0 in,Fair
236,2019-07-02,10:20 PM,61 °F,48 °F,63 %,N,9 mph,0 mph,30.07 in,0.0 in,Fair
237,2019-07-02,10:50 PM,61 °F,46 °F,59 %,N,7 mph,0 mph,30.07 in,0.0 in,Fair
238,2019-07-02,11:20 PM,59 °F,46 °F,63 %,N,7 mph,0 mph,30.10 in,0.0 in,Fair
239,2019-07-02,11:50 PM,57 °F,48 °F,72 %,N,6 mph,0 mph,30.10 in,0.0 in,Fair
240,2019-07-03,12:20 AM,57 °F,48 °F,72 %,N,6 mph,0 mph,30.10 in,0.0 in,Fair
241,2019-07-03,12:50 AM,57 °F,48 °F,72 %,N,7 mph,0 mph,30.10 in,0.0 in,Fair
242,2019-07-03,1:20 AM,55 °F,50 °F,82 %,N,5 mph,0 mph,30.10 in,0.0 in,Fair
243,2019-07-03,1:50 AM,54 °F,50 °F,88 %,NNE,3 mph,0 mph,30.10 in,0.0 in,Fair
244,2019-07-03,2:20 AM,54 °F,50 °F,88 %,N,3 mph,0 mph,30.10 in,0.0 in,Fair
245,2019-07-03,2:50 AM,54 °F,50 °F,88 %,N,3 mph,0 mph,30.10 in,0.0 in,Fair
246,2019-07-03,3:20 AM,52 °F,50 °F,94 %,N,6 mph,0 mph,30.10 in,0.0 in,Fair
247,2019-07-03,3:50 AM,52 °F,50 °F,94 %,N,6 mph,0 mph,30.10 in,0.0 in,Fair
248,2019-07-03,4:20 AM,52 °F,50 °F,94 %,N,5 mph,0 mph,30.10 in,0.0 in,Fair
249,2019-07-03,4:50 AM,50 °F,48 °F,94 %,N,3 mph,0 mph,30.10 in,0.0 in,Fair
250,2019-07-03,5:20 AM,50 °F,50 °F,100 %,NE,2 mph,0 mph,30.13 in,0.0 in,Fair
251,2019-07-03,5:50 AM,50 °F,50 °F,100 %,NNE,2 mph,0 mph,30.13 in,0.0 in,Fair
252,2019-07-03,6:20 AM,52 °F,50 °F,94 %,NE,2 mph,0 mph,30.13 in,0.0 in,Fair
253,2019-07-03,6:50 AM,54 °F,52 °F,94 %,N,2 mph,0 mph,30.13 in,0.0 in,Fair
254,2019-07-03,7:20 AM,54 °F,52 °F,94 %,NNE,3 mph,0 mph,30.13 in,0.0 in,Fair
255,2019-07-03,7:50 AM,55 °F,52 °F,88 %,NNE,5 mph,0 mph,30.13 in,0.0 in,Partly Cloudy
256,2019-07-03,8:20 AM,57 °F,52 °F,82 %,NE,6 mph,0 mph,30.13 in,0.0 in,Fair
257,2019-07-03,8:50 AM,59 °F,50 °F,72 %,NNE,8 mph,0 mph,30.13 in,0.0 in,Fair
258,2019-07-03,9:20 AM,61 °F,48 °F,63 %,NNE,8 mph,0 mph,30.16 in,0.0 in,Fair
259,2019-07-03,9:50 AM,61 °F,48 °F,63 %,NE,7 mph,0 mph,30.16 in,0.0 in,Fair
260,2019-07-03,10:20 AM,63 °F,45 °F,52 %,NE,9 mph,0 mph,30.16 in,0.0 in,Fair
261,2019-07-03,10:50 AM,63 °F,48 °F,59 %,NNE,8 mph,0 mph,30.16 in,0.0 in,Fair
262,2019-07-03,11:20 AM,63 °F,46 °F,55 %,N,10 mph,0 mph,30.16 in,0.0 in,Fair
263,2019-07-03,11:50 AM,64 °F,46 °F,52 %,NNE,8 mph,0 mph,30.16 in,0.0 in,Fair
264,2019-07-03,12:20 PM,64 °F,46 °F,52 %,VAR,7 mph,0 mph,30.16 in,0.0 in,Partly Cloudy
265,2019-07-03,12:50 PM,64 °F,46 °F,52 %,NNE,8 mph,0 mph,30.16 in,0.0 in,Partly Cloudy
266,2019-07-03,1:20 PM,66 °F,48 °F,52 %,N,7 mph,0 mph,30.16 in,0.0 in,Partly Cloudy
267,2019-07-03,1:50 PM,66 °F,46 °F,49 %,NNE,7 mph,0 mph,30.16 in,0.0 in,Fair
268,2019-07-03,2:20 PM,68 °F,46 °F,46 %,E,8 mph,0 mph,30.13 in,0.0 in,Fair
269,2019-07-03,2:50 PM,66 °F,46 °F,49 %,NE,9 mph,0 mph,30.13 in,0.0 in,Fair
270,2019-07-03,3:20 PM,68 °F,48 °F,49 %,NE,9 mph,0 mph,30.13 in,0.0 in,Fair
271,2019-07-03,3:50 PM,70 °F,48 °F,46 %,NE,9 mph,0 mph,30.13 in,0.0 in,Fair
272,2019-07-03,4:20 PM,68 °F,48 °F,49 %,NE,9 mph,0 mph,30.13 in,0.0 in,Fair
273,2019-07-03,4:50 PM,70 °F,48 °F,46 %,NNE,10 mph,0 mph,30.13 in,0.0 in,Fair
274,2019-07-03,5:20 PM,70 °F,48 °F,46 %,NNE,10 mph,0 mph,30.13 in,0.0 in,Fair
275,2019-07-03,5:50 PM,70 °F,48 °F,46 %,NNE,10 mph,0 mph,30.13 in,0.0 in,Fair
276,2019-07-03,6:20 PM,68 °F,50 °F,52 %,NE,7 mph,0 mph,30.13 in,0.0 in,Fair
277,2019-07-03,6:50 PM,68 °F,45 °F,43 %,NNE,10 mph,0 mph,30.10 in,0.0 in,Fair
278,2019-07-03,7:20 PM,68 °F,46 °F,46 %,NNE,13 mph,0 mph,30.13 in,0.0 in,Fair
279,2019-07-03,7:50 PM,66 °F,45 °F,46 %,NNE,10 mph,0 mph,30.10 in,0.0 in,Fair
280,2019-07-03,8:20 PM,66 °F,45 °F,46 %,NNE,13 mph,0 mph,30.10 in,0.0 in,Fair
281,2019-07-03,8:50 PM,63 °F,46 °F,55 %,NE,10 mph,0 mph,30.13 in,0.0 in,Fair
282,2019-07-03,9:20 PM,63 °F,46 °F,55 %,NNE,10 mph,0 mph,30.13 in,0.0 in,Fair
283,2019-07-03,9:50 PM,59 °F,46 °F,63 %,NNE,8 mph,0 mph,30.13 in,0.0 in,Fair
284,2019-07-03,10:20 PM,57 °F,48 °F,72 %,NNE,7 mph,0 mph,30.13 in,0.0 in,Fair
285,2019-07-03,10:50 PM,55 °F,48 °F,77 %,NNE,6 mph,0 mph,30.16 in,0.0 in,Fair
286,2019-07-03,11:20 PM,55 °F,46 °F,72 %,NNE,8 mph,0 mph,30.16 in,0.0 in,Fair
287,2019-07-03,11:50 PM,54 °F,48 °F,82 %,NNE,6 mph,0 mph,30.16 in,0.0 in,Fair
288,2019-07-04,12:20 AM,54 °F,48 °F,82 %,NNE,5 mph,0 mph,30.16 in,0.0 in,Fair
289,2019-07-04,12:50 AM,52 °F,46 °F,82 %,NNE,5 mph,0 mph,30.16 in,0.0 in,Fair
290,2019-07-04,1:20 AM,50 °F,46 °F,87 %,NNE,5 mph,0 mph,30.16 in,0.0 in,Fair
291,2019-07-04,1:50 AM,50 °F,46 °F,87 %,N,3 mph,0 mph,30.16 in,0.0 in,Fair
292,2019-07-04,2:20 AM,50 °F,45 °F,82 %,NNE,2 mph,0 mph,30.16 in,0.0 in,Fair
293,2019-07-04,2:50 AM,50 °F,46 °F,87 %,NNE,3 mph,0 mph,30.16 in,0.0 in,Fair
294,2019-07-04,3:20 AM,48 °F,45 °F,87 %,NNE,2 mph,0 mph,30.16 in,0.0 in,Fair
295,2019-07-04,3:50 AM,48 °F,45 °F,87 %,N,2 mph,0 mph,30.16 in,0.0 in,Fair
296,2019-07-04,4:20 AM,48 °F,46 °F,93 %,N,2 mph,0 mph,30.16 in,0.0 in,Fair
297,2019-07-04,4:50 AM,48 °F,45 °F,87 %,NNE,3 mph,0 mph,30.16 in,0.0 in,Fair
298,2019-07-04,5:20 AM,48 °F,46 °F,93 %,NNE,5 mph,0 mph,30.16 in,0.0 in,Fair
299,2019-07-04,5:50 AM,46 °F,45 °F,93 %,NNE,2 mph,0 mph,30.16 in,0.0 in,Fair
300,2019-07-04,6:20 AM,48 °F,46 °F,93 %,NE,3 mph,0 mph,30.16 in,0.0 in,Fair
301,2019-07-04,6:50 AM,50 °F,48 °F,94 %,VAR,2 mph,0 mph,30.16 in,0.0 in,Fair
302,2019-07-04,7:20 AM,52 °F,48 °F,88 %,NE,3 mph,0 mph,30.16 in,0.0 in,Fair
303,2019-07-04,7:50 AM,54 °F,48 °F,82 %,NE,6 mph,0 mph,30.16 in,0.0 in,Fair
304,2019-07-04,8:20 AM,55 °F,46 °F,72 %,ENE,6 mph,0 mph,30.16 in,0.0 in,Fair
305,2019-07-04,8:50 AM,57 °F,46 °F,67 %,ENE,6 mph,0 mph,30.16 in,0.0 in,Fair
306,2019-07-04,9:20 AM,59 °F,46 °F,63 %,ENE,6 mph,0 mph,30.16 in,0.0 in,Fair
307,2019-07-04,9:50 AM,61 °F,46 °F,59 %,ENE,5 mph,0 mph,30.16 in,0.0 in,Fair
308,2019-07-04,10:20 AM,61 °F,46 °F,59 %,NE,6 mph,0 mph,30.16 in,0.0 in,Fair
309,2019-07-04,10:50 AM,63 °F,46 °F,55 %,NE,6 mph,0 mph,30.16 in,0.0 in,Fair
310,2019-07-04,11:20 AM,63 °F,48 °F,59 %,ENE,6 mph,0 mph,30.16 in,0.0 in,Fair
311,2019-07-04,11:50 AM,64 °F,45 °F,49 %,ENE,5 mph,0 mph,30.16 in,0.0 in,Fair
312,2019-07-04,12:20 PM,64 °F,45 °F,49 %,VAR,5 mph,0 mph,30.13 in,0.0 in,Fair
313,2019-07-04,12:50 PM,66 °F,45 °F,46 %,VAR,3 mph,0 mph,30.13 in,0.0 in,Fair
314,2019-07-04,1:20 PM,66 °F,45 °F,46 %,NE,3 mph,0 mph,30.13 in,0.0 in,Fair
315,2019-07-04,1:50 PM,68 °F,45 °F,43 %,VAR,3 mph,0 mph,30.13 in,0.0 in,Fair
316,2019-07-04,2:20 PM,68 °F,48 °F,49 %,NE,5 mph,0 mph,30.10 in,0.0 in,Fair
317,2019-07-04,2:50 PM,70 °F,45 °F,40 %,VAR,3 mph,0 mph,30.10 in,0.0 in,Fair
318,2019-07-04,3:20 PM,68 °F,46 °F,46 %,E,6 mph,0 mph,30.10 in,0.0 in,Fair
319,2019-07-04,3:50 PM,70 °F,46 °F,43 %,VAR,2 mph,0 mph,30.07 in,0.0 in,Fair
320,2019-07-04,4:20 PM,72 °F,45 °F,38 %,NNE,5 mph,0 mph,30.07 in,0.0 in,Fair
321,2019-07-04,4:50 PM,72 °F,46 °F,41 %,VAR,2 mph,0 mph,30.07 in,0.0 in,Fair
322,2019-07-04,5:20 PM,72 °F,46 °F,41 %,NNE,3 mph,0 mph,30.07 in,0.0 in,Fair
323,2019-07-04,5:50 PM,72 °F,46 °F,41 %,NNE,5 mph,0 mph,30.04 in,0.0 in,Fair
324,2019-07-04,6:20 PM,72 °F,45 °F,38 %,ENE,3 mph,0 mph,30.04 in,0.0 in,Fair
325,2019-07-04,6:50 PM,72 °F,45 °F,38 %,NNW,5 mph,0 mph,30.01 in,0.0 in,Fair
326,2019-07-04,7:20 PM,72 °F,48 °F,43 %,N,3 mph,0 mph,30.01 in,0.0 in,Fair
327,2019-07-04,7:50 PM,72 °F,46 °F,41 %,N,5 mph,0 mph,30.01 in,0.0 in,Fair
328,2019-07-04,8:20 PM,70 °F,50 °F,49 %,NNE,3 mph,0 mph,30.01 in,0.0 in,Fair
329,2019-07-04,8:50 PM,68 °F,52 °F,56 %,NE,2 mph,0 mph,30.01 in,0.0 in,Fair
330,2019-07-04,9:20 PM,66 °F,48 °F,52 %,N,3 mph,0 mph,30.01 in,0.0 in,Fair
331,2019-07-04,9:50 PM,64 °F,54 °F,68 %,NNW,6 mph,0 mph,30.01 in,0.0 in,Fair
332,2019-07-04,10:20 PM,63 °F,55 °F,77 %,NW,5 mph,0 mph,30.01 in,0.0 in,Fair
333,2019-07-04,10:50 PM,63 °F,55 °F,77 %,NW,5 mph,0 mph,30.01 in,0.0 in,Fair
334,2019-07-04,11:20 PM,63 °F,54 °F,72 %,NW,3 mph,0 mph,30.01 in,0.0 in,Fair
335,2019-07-04,11:50 PM,61 °F,55 °F,82 %,NNW,3 mph,0 mph,30.01 in,0.0 in,Fair
336,2019-07-05,12:20 AM,61 °F,54 °F,77 %,VAR,2 mph,0 mph,30.01 in,0.0 in,Fair
337,2019-07-05,12:50 AM,59 °F,54 °F,82 %,NW,2 mph,0 mph,30.01 in,0.0 in,Fair
338,2019-07-05,1:20 AM,59 °F,54 °F,82 %,NW,1 mph,0 mph,29.98 in,0.0 in,Fair
339,2019-07-05,1:50 AM,57 °F,54 °F,88 %,VAR,1 mph,0 mph,29.98 in,0.0 in,Fair
340,2019-07-05,2:20 AM,59 °F,54 °F,82 %,NW,2 mph,0 mph,29.98 in,0.0 in,Fair
341,2019-07-05,2:50 AM,57 °F,54 °F,88 %,NW,2 mph,0 mph,29.98 in,0.0 in,Fair
342,2019-07-05,3:20 AM,57 °F,55 °F,94 %,S,3 mph,0 mph,29.98 in,0.0 in,Fair
343,2019-07-05,3:50 AM,57 °F,54 °F,88 %,SSW,3 mph,0 mph,29.98 in,0.0 in,Fair
344,2019-07-05,4:20 AM,57 °F,55 °F,94 %,SSW,3 mph,0 mph,29.98 in,0.0 in,Fair
345,2019-07-05,4:50 AM,57 °F,55 °F,94 %,SSW,3 mph,0 mph,29.95 in,0.0 in,Fair
346,2019-07-05,5:20 AM,57 °F,54 °F,88 %,SSW,3 mph,0 mph,29.95 in,0.0 in,Fair
347,2019-07-05,5:50 AM,57 °F,54 °F,88 %,SSW,3 mph,0 mph,29.95 in,0.0 in,Fair
348,2019-07-05,6:20 AM,55 °F,54 °F,94 %,VAR,1 mph,0 mph,29.95 in,0.0 in,Fair
349,2019-07-05,6:50 AM,57 °F,54 °F,88 %,CALM,0 mph,0 mph,29.95 in,0.0 in,Fair
350,2019-07-05,7:20 AM,57 °F,55 °F,94 %,CALM,0 mph,0 mph,29.95 in,0.0 in,Fair
351,2019-07-05,7:50 AM,63 °F,54 °F,72 %,W,5 mph,0 mph,29.95 in,0.0 in,Fair
352,2019-07-05,8:20 AM,64 °F,54 °F,68 %,W,6 mph,0 mph,29.95 in,0.0 in,Fair
353,2019-07-05,8:50 AM,66 °F,54 °F,64 %,WNW,6 mph,0 mph,29.95 in,0.0 in,Fair
354,2019-07-05,9:20 AM,68 °F,54 °F,60 %,WNW,5 mph,0 mph,29.95 in,0.0 in,Fair
355,2019-07-05,9:50 AM,68 °F,52 °F,56 %,WNW,5 mph,0 mph,29.95 in,0.0 in,Fair
356,2019-07-05,10:20 AM,70 °F,54 °F,56 %,WNW,6 mph,0 mph,29.95 in,0.0 in,Fair
357,2019-07-05,10:50 AM,70 °F,54 °F,56 %,NW,7 mph,0 mph,29.95 in,0.0 in,Fair
358,2019-07-05,11:20 AM,72 °F,55 °F,57 %,NW,6 mph,0 mph,29.95 in,0.0 in,Fair
359,2019-07-05,11:50 AM,72 °F,54 °F,53 %,W,8 mph,0 mph,29.95 in,0.0 in,Fair
360,2019-07-05,12:20 PM,73 °F,55 °F,53 %,W,8 mph,0 mph,29.95 in,0.0 in,Fair
361,2019-07-05,12:50 PM,73 °F,54 °F,50 %,W,9 mph,0 mph,29.95 in,0.0 in,Fair
362,2019-07-05,1:20 PM,75 °F,54 °F,47 %,W,8 mph,0 mph,29.95 in,0.0 in,Fair
363,2019-07-05,1:50 PM,77 °F,55 °F,47 %,W,8 mph,0 mph,29.95 in,0.0 in,Fair
364,2019-07-05,2:20 PM,75 °F,54 °F,47 %,WNW,9 mph,0 mph,29.92 in,0.0 in,Fair
365,2019-07-05,2:50 PM,79 °F,57 °F,47 %,W,8 mph,0 mph,29.92 in,0.0 in,Fair
366,2019-07-05,3:20 PM,77 °F,54 °F,44 %,W,8 mph,0 mph,29.92 in,0.0 in,Fair
367,2019-07-05,3:50 PM,77 °F,55 °F,47 %,WNW,7 mph,0 mph,29.92 in,0.0 in,Fair
368,2019-07-05,4:20 PM,77 °F,57 °F,50 %,NW,10 mph,0 mph,29.89 in,0.0 in,Fair
369,2019-07-05,4:50 PM,77 °F,55 °F,47 %,W,9 mph,0 mph,29.89 in,0.0 in,Fair
370,2019-07-05,5:20 PM,75 °F,54 °F,47 %,WNW,10 mph,0 mph,29.89 in,0.0 in,Fair
371,2019-07-05,5:50 PM,72 °F,55 °F,57 %,N,13 mph,0 mph,29.89 in,0.0 in,Fair
372,2019-07-05,6:20 PM,72 °F,54 °F,53 %,NNW,10 mph,0 mph,29.89 in,0.0 in,Fair
373,2019-07-05,6:50 PM,72 °F,52 °F,50 %,N,9 mph,0 mph,29.89 in,0.0 in,Fair
374,2019-07-05,7:20 PM,70 °F,54 °F,56 %,NW,6 mph,0 mph,29.86 in,0.0 in,Fair
375,2019-07-05,7:50 PM,70 °F,52 °F,53 %,NNW,7 mph,0 mph,29.86 in,0.0 in,Fair
376,2019-07-05,8:20 PM,70 °F,50 °F,49 %,NW,8 mph,0 mph,29.86 in,0.0 in,Fair
377,2019-07-05,8:50 PM,68 °F,52 °F,56 %,NW,6 mph,0 mph,29.86 in,0.0 in,Fair
378,2019-07-05,9:20 PM,68 °F,52 °F,56 %,N,7 mph,0 mph,29.86 in,0.0 in,Fair
379,2019-07-05,9:50 PM,64 °F,54 °F,68 %,N,5 mph,0 mph,29.86 in,0.0 in,Fair
380,2019-07-05,10:20 PM,64 °F,52 °F,64 %,NNW,5 mph,0 mph,29.86 in,0.0 in,Fair
381,2019-07-05,10:50 PM,61 °F,54 °F,77 %,VAR,2 mph,0 mph,29.86 in,0.0 in,Fair
382,2019-07-05,11:20 PM,63 °F,52 °F,68 %,WNW,3 mph,0 mph,29.86 in,0.0 in,Fair
383,2019-07-05,11:50 PM,59 °F,52 °F,77 %,NW,2 mph,0 mph,29.86 in,0.0 in,Fair
384,2019-07-06,12:20 AM,61 °F,52 °F,72 %,NW,2 mph,0 mph,29.86 in,0.0 in,Fair
385,2019-07-06,12:50 AM,59 °F,52 °F,77 %,NNW,1 mph,0 mph,29.83 in,0.0 in,Fair
386,2019-07-06,1:20 AM,57 °F,52 °F,82 %,CALM,0 mph,0 mph,29.83 in,0.0 in,Fair
387,2019-07-06,1:50 AM,57 °F,52 °F,82 %,CALM,0 mph,0 mph,29.83 in,0.0 in,Fair
388,2019-07-06,2:20 AM,57 °F,54 °F,88 %,SSW,2 mph,0 mph,29.83 in,0.0 in,Fair
389,2019-07-06,2:50 AM,57 °F,54 °F,88 %,S,5 mph,0 mph,29.83 in,0.0 in,Fair
390,2019-07-06,3:20 AM,55 °F,52 °F,88 %,S,3 mph,0 mph,29.81 in,0.0 in,Fair
391,2019-07-06,3:50 AM,57 °F,52 °F,82 %,S,5 mph,0 mph,29.81 in,0.0 in,Fair
392,2019-07-06,4:20 AM,57 °F,54 °F,88 %,S,5 mph,0 mph,29.81 in,0.0 in,Fair
393,2019-07-06,4:50 AM,57 °F,54 °F,88 %,SSE,2 mph,0 mph,29.78 in,0.0 in,Fair
394,2019-07-06,5:20 AM,57 °F,54 °F,88 %,S,3 mph,0 mph,29.78 in,0.0 in,Fair
395,2019-07-06,5:50 AM,57 °F,54 °F,88 %,S,5 mph,0 mph,29.78 in,0.0 in,Fair
396,2019-07-06,6:20 AM,59 °F,54 °F,82 %,S,6 mph,0 mph,29.78 in,0.0 in,Fair
397,2019-07-06,6:50 AM,59 °F,54 °F,82 %,SSW,6 mph,0 mph,29.75 in,0.0 in,Fair
398,2019-07-06,7:20 AM,61 °F,54 °F,77 %,SSW,5 mph,0 mph,29.75 in,0.0 in,Fair
399,2019-07-06,7:50 AM,64 °F,55 °F,73 %,SW,5 mph,0 mph,29.75 in,0.0 in,Fair
400,2019-07-06,8:20 AM,68 °F,55 °F,64 %,SW,6 mph,0 mph,29.75 in,0.0 in,Fair
401,2019-07-06,8:50 AM,68 °F,54 °F,60 %,SW,8 mph,0 mph,29.75 in,0.0 in,Fair
402,2019-07-06,9:20 AM,70 °F,54 °F,56 %,SW,10 mph,0 mph,29.75 in,0.0 in,Fair
403,2019-07-06,9:50 AM,70 °F,54 °F,56 %,WSW,12 mph,0 mph,29.75 in,0.0 in,Fair
404,2019-07-06,10:20 AM,72 °F,54 °F,53 %,W,10 mph,0 mph,29.75 in,0.0 in,Fair
405,2019-07-06,10:50 AM,73 °F,55 °F,53 %,W,10 mph,0 mph,29.75 in,0.0 in,Fair
406,2019-07-06,11:20 AM,73 °F,54 °F,50 %,W,8 mph,0 mph,29.75 in,0.0 in,Fair
407,2019-07-06,11:50 AM,75 °F,55 °F,50 %,W,9 mph,0 mph,29.75 in,0.0 in,Fair
408,2019-07-06,12:20 PM,75 °F,57 °F,53 %,WSW,9 mph,0 mph,29.75 in,0.0 in,Fair
409,2019-07-06,12:50 PM,77 °F,55 °F,47 %,W,10 mph,0 mph,29.75 in,0.0 in,Fair
410,2019-07-06,1:20 PM,75 °F,54 °F,47 %,WNW,10 mph,0 mph,29.75 in,0.0 in,Fair
411,2019-07-06,1:50 PM,77 °F,55 °F,47 %,WNW,10 mph,0 mph,29.72 in,0.0 in,Fair
412,2019-07-06,2:20 PM,77 °F,55 °F,47 %,WNW,12 mph,0 mph,29.72 in,0.0 in,Fair
413,2019-07-06,2:50 PM,77 °F,54 °F,44 %,WNW,12 mph,0 mph,29.72 in,0.0 in,Fair
414,2019-07-06,3:20 PM,75 °F,57 °F,53 %,NW,13 mph,0 mph,29.72 in,0.0 in,Fair
415,2019-07-06,3:50 PM,75 °F,57 °F,53 %,WNW,13 mph,0 mph,29.72 in,0.0 in,Fair
416,2019-07-06,4:20 PM,73 °F,61 °F,65 %,NNW,13 mph,0 mph,29.72 in,0.0 in,Fair
417,2019-07-06,4:50 PM,73 °F,59 °F,61 %,NNW,12 mph,0 mph,29.72 in,0.0 in,Fair
418,2019-07-06,5:20 PM,72 °F,59 °F,64 %,NNW,13 mph,0 mph,29.72 in,0.0 in,Fair
419,2019-07-06,5:50 PM,72 °F,59 °F,64 %,NNW,10 mph,0 mph,29.75 in,0.0 in,Fair
420,2019-07-06,6:20 PM,72 °F,57 °F,60 %,NNW,12 mph,0 mph,29.75 in,0.0 in,Fair
421,2019-07-06,6:50 PM,70 °F,57 °F,64 %,NNW,13 mph,0 mph,29.75 in,0.0 in,Fair
422,2019-07-06,7:20 PM,70 °F,57 °F,64 %,NNW,10 mph,0 mph,29.75 in,0.0 in,Fair
423,2019-07-06,7:50 PM,68 °F,57 °F,68 %,N,12 mph,0 mph,29.75 in,0.0 in,Fair
424,2019-07-06,8:20 PM,66 °F,55 °F,68 %,N,10 mph,0 mph,29.75 in,0.0 in,Fair
425,2019-07-06,8:50 PM,64 °F,55 °F,73 %,N,8 mph,0 mph,29.78 in,0.0 in,Fair
426,2019-07-06,9:20 PM,63 °F,55 °F,77 %,N,7 mph,0 mph,29.78 in,0.0 in,Fair
427,2019-07-06,9:50 PM,61 °F,57 °F,88 %,NNE,6 mph,0 mph,29.78 in,0.0 in,Fair
428,2019-07-06,10:20 PM,61 °F,55 °F,82 %,N,8 mph,0 mph,29.78 in,0.0 in,Fair
429,2019-07-06,10:50 PM,61 °F,57 °F,88 %,N,7 mph,0 mph,29.78 in,0.0 in,Mostly Cloudy
430,2019-07-06,11:20 PM,61 °F,57 °F,88 %,NNE,6 mph,0 mph,29.78 in,0.0 in,Mostly Cloudy
431,2019-07-06,11:50 PM,59 °F,57 °F,94 %,NE,6 mph,0 mph,29.78 in,0.0 in,Mostly Cloudy
432,2019-07-07,12:20 AM,59 °F,57 °F,94 %,NNE,6 mph,0 mph,29.81 in,0.0 in,Mostly Cloudy
433,2019-07-07,12:50 AM,59 °F,57 °F,94 %,NNE,7 mph,0 mph,29.81 in,0.0 in,Light Rain
434,2019-07-07,1:20 AM,59 °F,55 °F,88 %,NNE,8 mph,0 mph,29.81 in,0.0 in,Mostly Cloudy
435,2019-07-07,1:50 AM,59 °F,55 °F,88 %,NNE,6 mph,0 mph,29.81 in,0.0 in,Mostly Cloudy
436,2019-07-07,2:20 AM,59 °F,55 °F,88 %,NNE,5 mph,0 mph,29.81 in,0.0 in,Mostly Cloudy
437,2019-07-07,2:50 AM,59 °F,55 °F,88 %,VAR,1 mph,0 mph,29.81 in,0.0 in,Mostly Cloudy
438,2019-07-07,3:20 AM,59 °F,55 °F,88 %,NNE,2 mph,0 mph,29.81 in,0.0 in,Light Rain
439,2019-07-07,3:50 AM,57 °F,55 °F,94 %,NNE,3 mph,0 mph,29.81 in,0.0 in,Light Rain
440,2019-07-07,4:20 AM,57 °F,55 °F,94 %,VAR,2 mph,0 mph,29.81 in,0.0 in,Light Rain
441,2019-07-07,4:50 AM,57 °F,55 °F,94 %,VAR,1 mph,0 mph,29.81 in,0.0 in,Mostly Cloudy
442,2019-07-07,5:20 AM,57 °F,55 °F,94 %,N,3 mph,0 mph,29.81 in,0.0 in,Fair
443,2019-07-07,5:50 AM,57 °F,55 °F,94 %,N,5 mph,0 mph,29.81 in,0.0 in,Fair
444,2019-07-07,6:20 AM,57 °F,54 °F,88 %,NNE,6 mph,0 mph,29.81 in,0.0 in,Fair
445,2019-07-07,6:50 AM,57 °F,54 °F,88 %,NNE,5 mph,0 mph,29.81 in,0.0 in,Fair
446,2019-07-07,7:20 AM,57 °F,52 °F,82 %,NNE,6 mph,0 mph,29.83 in,0.0 in,Fair
447,2019-07-07,7:50 AM,57 °F,50 °F,77 %,NNE,6 mph,0 mph,29.83 in,0.0 in,Fair
448,2019-07-07,8:20 AM,57 °F,50 °F,77 %,NNE,7 mph,0 mph,29.83 in,0.0 in,Fair
449,2019-07-07,8:50 AM,59 °F,50 °F,72 %,NNE,6 mph,0 mph,29.83 in,0.0 in,Fair
450,2019-07-07,9:20 AM,59 °F,52 °F,77 %,N,6 mph,0 mph,29.83 in,0.0 in,Partly Cloudy
451,2019-07-07,9:50 AM,59 °F,48 °F,67 %,N,6 mph,0 mph,29.83 in,0.0 in,Partly Cloudy
452,2019-07-07,10:20 AM,61 °F,48 °F,63 %,NNE,6 mph,0 mph,29.86 in,0.0 in,Partly Cloudy
453,2019-07-07,10:50 AM,61 °F,48 °F,63 %,N,6 mph,0 mph,29.86 in,0.0 in,Fair
454,2019-07-07,11:20 AM,61 °F,48 °F,63 %,NNE,6 mph,0 mph,29.86 in,0.0 in,Mostly Cloudy
455,2019-07-07,11:50 AM,63 °F,48 °F,59 %,NE,3 mph,0 mph,29.86 in,0.0 in,Mostly Cloudy
456,2019-07-07,12:20 PM,63 °F,48 °F,59 %,VAR,2 mph,0 mph,29.86 in,0.0 in,Mostly Cloudy
457,2019-07-07,12:50 PM,64 °F,50 °F,59 %,NW,5 mph,0 mph,29.86 in,0.0 in,Mostly Cloudy
458,2019-07-07,1:20 PM,64 °F,48 °F,56 %,N,3 mph,0 mph,29.86 in,0.0 in,Mostly Cloudy
459,2019-07-07,1:50 PM,66 °F,50 °F,56 %,VAR,2 mph,0 mph,29.86 in,0.0 in,Mostly Cloudy
460,2019-07-07,2:20 PM,66 °F,48 °F,52 %,NNW,6 mph,0 mph,29.86 in,0.0 in,Mostly Cloudy
461,2019-07-07,2:50 PM,66 °F,48 °F,52 %,NNW,7 mph,0 mph,29.86 in,0.0 in,Mostly Cloudy
462,2019-07-07,3:20 PM,68 °F,48 °F,49 %,NNW,7 mph,0 mph,29.86 in,0.0 in,Mostly Cloudy
463,2019-07-07,3:50 PM,66 °F,46 °F,49 %,NNW,7 mph,0 mph,29.86 in,0.0 in,Partly Cloudy
464,2019-07-07,4:20 PM,66 °F,48 °F,52 %,NNW,10 mph,0 mph,29.86 in,0.0 in,Fair
465,2019-07-07,4:50 PM,68 °F,48 °F,49 %,NW,9 mph,0 mph,29.86 in,0.0 in,Partly Cloudy
466,2019-07-07,5:20 PM,64 °F,46 °F,52 %,NNW,10 mph,0 mph,29.86 in,0.0 in,Fair
467,2019-07-07,5:50 PM,66 °F,46 °F,49 %,NW,12 mph,0 mph,29.86 in,0.0 in,Fair
468,2019-07-07,6:20 PM,66 °F,45 °F,46 %,NNW,10 mph,0 mph,29.86 in,0.0 in,Fair
469,2019-07-07,6:50 PM,66 °F,45 °F,46 %,NW,10 mph,0 mph,29.86 in,0.0 in,Fair
470,2019-07-07,7:20 PM,64 °F,45 °F,49 %,NNW,9 mph,0 mph,29.86 in,0.0 in,Fair
471,2019-07-07,7:50 PM,64 °F,45 °F,49 %,NNW,9 mph,0 mph,29.89 in,0.0 in,Fair
472,2019-07-07,8:20 PM,63 °F,43 °F,48 %,N,9 mph,0 mph,29.89 in,0.0 in,Fair
473,2019-07-07,8:50 PM,63 °F,45 °F,52 %,NNE,10 mph,0 mph,29.89 in,0.0 in,Fair
474,2019-07-07,9:20 PM,61 °F,48 °F,63 %,N,8 mph,0 mph,29.89 in,0.0 in,Fair
475,2019-07-07,9:50 PM,59 °F,48 °F,67 %,N,9 mph,0 mph,29.89 in,0.0 in,Fair
476,2019-07-07,10:20 PM,57 °F,48 °F,72 %,N,7 mph,0 mph,29.92 in,0.0 in,Fair
477,2019-07-07,10:50 PM,54 °F,48 °F,82 %,N,5 mph,0 mph,29.92 in,0.0 in,Fair
478,2019-07-07,11:20 PM,54 °F,46 °F,77 %,N,5 mph,0 mph,29.92 in,0.0 in,Fair
479,2019-07-07,11:50 PM,52 °F,46 °F,82 %,N,2 mph,0 mph,29.92 in,0.0 in,Fair
480,2019-07-08,12:20 AM,52 °F,46 °F,82 %,NNE,2 mph,0 mph,29.95 in,0.0 in,Fair
481,2019-07-08,12:50 AM,50 °F,45 °F,82 %,N,2 mph,0 mph,29.95 in,0.0 in,Fair
482,2019-07-08,1:20 AM,50 °F,46 °F,87 %,VAR,1 mph,0 mph,29.95 in,0.0 in,Fair
483,2019-07-08,1:50 AM,50 °F,45 °F,82 %,N,1 mph,0 mph,29.95 in,0.0 in,Fair
484,2019-07-08,2:20 AM,48 °F,45 °F,87 %,VAR,1 mph,0 mph,29.95 in,0.0 in,Fair
485,2019-07-08,2:50 AM,50 °F,46 °F,87 %,E,1 mph,0 mph,29.95 in,0.0 in,Fair
486,2019-07-08,3:20 AM,46 °F,45 °F,93 %,CALM,0 mph,0 mph,29.95 in,0.0 in,Fair
487,2019-07-08,3:50 AM,48 °F,45 °F,87 %,NNW,2 mph,0 mph,29.95 in,0.0 in,Fair
488,2019-07-08,4:20 AM,48 °F,45 °F,87 %,NNW,2 mph,0 mph,29.95 in,0.0 in,Fair
489,2019-07-08,4:50 AM,50 °F,45 °F,82 %,VAR,1 mph,0 mph,29.95 in,0.0 in,Fair
490,2019-07-08,5:20 AM,48 °F,46 °F,93 %,VAR,1 mph,0 mph,29.95 in,0.0 in,Fair
491,2019-07-08,5:50 AM,50 °F,48 °F,94 %,WSW,3 mph,0 mph,29.95 in,0.0 in,Fair
492,2019-07-08,6:20 AM,52 °F,48 °F,88 %,VAR,1 mph,0 mph,29.95 in,0.0 in,Fair
493,2019-07-08,6:50 AM,52 °F,50 °F,94 %,CALM,0 mph,0 mph,29.98 in,0.0 in,Fair
494,2019-07-08,7:20 AM,55 °F,50 °F,82 %,CALM,0 mph,0 mph,29.98 in,0.0 in,Fair
495,2019-07-08,7:50 AM,55 °F,50 °F,82 %,VAR,1 mph,0 mph,29.98 in,0.0 in,Fair
496,2019-07-08,8:20 AM,55 °F,50 °F,82 %,WNW,3 mph,0 mph,29.98 in,0.0 in,Mostly Cloudy
497,2019-07-08,8:50 AM,55 °F,48 °F,77 %,NW,5 mph,0 mph,30.01 in,0.0 in,Mostly Cloudy
498,2019-07-08,9:20 AM,57 °F,50 °F,77 %,NW,5 mph,0 mph,30.01 in,0.0 in,Mostly Cloudy
499,2019-07-08,9:50 AM,59 °F,50 °F,72 %,NNW,6 mph,0 mph,30.01 in,0.0 in,Fair
500,2019-07-08,10:20 AM,61 °F,50 °F,68 %,NW,7 mph,0 mph,30.01 in,0.0 in,Fair
501,2019-07-08,10:50 AM,61 °F,48 °F,63 %,NW,6 mph,0 mph,30.01 in,0.0 in,Partly Cloudy
502,2019-07-08,11:20 AM,63 °F,46 °F,55 %,NNW,9 mph,0 mph,30.01 in,0.0 in,Partly Cloudy
503,2019-07-08,11:50 AM,63 °F,48 °F,59 %,NW,9 mph,0 mph,30.01 in,0.0 in,Partly Cloudy
504,2019-07-08,12:20 PM,64 °F,45 °F,49 %,NW,8 mph,0 mph,30.01 in,0.0 in,Partly Cloudy
505,2019-07-08,12:50 PM,64 °F,46 °F,52 %,NNW,12 mph,0 mph,30.01 in,0.0 in,Partly Cloudy
506,2019-07-08,1:20 PM,64 °F,46 °F,52 %,NNW,12 mph,0 mph,30.01 in,0.0 in,Partly Cloudy
507,2019-07-08,1:50 PM,63 °F,46 °F,55 %,NNW,10 mph,0 mph,30.01 in,0.0 in,Partly Cloudy
508,2019-07-08,2:20 PM,64 °F,46 °F,52 %,NNW,12 mph,0 mph,30.01 in,0.0 in,Partly Cloudy
509,2019-07-08,2:50 PM,64 °F,46 °F,52 %,NNW,14 mph,0 mph,30.01 in,0.0 in,Partly Cloudy
510,2019-07-08,3:20 PM,64 °F,46 °F,52 %,NNW,10 mph,0 mph,30.01 in,0.0 in,Fair
511,2019-07-08,3:50 PM,64 °F,46 °F,52 %,NW,14 mph,0 mph,30.01 in,0.0 in,Fair
512,2019-07-08,4:20 PM,63 °F,46 °F,55 %,N,10 mph,0 mph,30.01 in,0.0 in,Fair
513,2019-07-08,4:50 PM,63 °F,45 °F,52 %,NNW,13 mph,0 mph,30.01 in,0.0 in,Fair
514,2019-07-08,5:20 PM,64 °F,45 °F,49 %,NNW,12 mph,0 mph,30.01 in,0.0 in,Fair
515,2019-07-08,5:50 PM,64 °F,45 °F,49 %,NNW,13 mph,0 mph,29.98 in,0.0 in,Fair
516,2019-07-08,6:20 PM,64 °F,46 °F,52 %,NNW,13 mph,0 mph,29.98 in,0.0 in,Fair
517,2019-07-08,6:50 PM,63 °F,43 °F,48 %,NNW,10 mph,0 mph,29.98 in,0.0 in,Fair
518,2019-07-08,7:20 PM,63 °F,45 °F,52 %,NNW,9 mph,0 mph,29.98 in,0.0 in,Partly Cloudy
519,2019-07-08,7:50 PM,63 °F,45 °F,52 %,NNW,10 mph,0 mph,29.98 in,0.0 in,Partly Cloudy
520,2019-07-08,8:20 PM,61 °F,46 °F,59 %,N,8 mph,0 mph,29.98 in,0.0 in,Partly Cloudy
521,2019-07-08,8:50 PM,59 °F,46 °F,63 %,N,7 mph,0 mph,29.98 in,0.0 in,Fair
522,2019-07-08,9:20 PM,57 °F,46 °F,67 %,N,6 mph,0 mph,29.98 in,0.0 in,Fair
523,2019-07-08,9:50 PM,55 °F,46 °F,72 %,N,5 mph,0 mph,30.01 in,0.0 in,Fair
524,2019-07-08,10:20 PM,55 °F,46 °F,72 %,NNW,5 mph,0 mph,30.01 in,0.0 in,Fair
525,2019-07-08,10:50 PM,54 °F,46 °F,77 %,N,3 mph,0 mph,30.01 in,0.0 in,Fair
526,2019-07-08,11:20 PM,54 °F,46 °F,77 %,N,5 mph,0 mph,30.01 in,0.0 in,Fair
527,2019-07-08,11:50 PM,52 °F,48 °F,88 %,N,5 mph,0 mph,30.04 in,0.0 in,Fair
528,2019-07-09,12:20 AM,52 °F,46 °F,82 %,N,3 mph,0 mph,30.04 in,0.0 in,Fair
529,2019-07-09,12:50 AM,50 °F,46 °F,87 %,N,5 mph,0 mph,30.04 in,0.0 in,Fair
530,2019-07-09,1:20 AM,50 °F,46 °F,87 %,N,2 mph,0 mph,30.04 in,0.0 in,Fair
531,2019-07-09,1:50 AM,50 °F,46 °F,87 %,NNE,2 mph,0 mph,30.04 in,0.0 in,Fair
532,2019-07-09,2:20 AM,48 °F,45 °F,87 %,VAR,1 mph,0 mph,30.04 in,0.0 in,Fair
533,2019-07-09,2:50 AM,50 °F,46 °F,87 %,VAR,2 mph,0 mph,30.01 in,0.0 in,Fair
534,2019-07-09,3:20 AM,48 °F,45 °F,87 %,NE,2 mph,0 mph,30.01 in,0.0 in,Fair
535,2019-07-09,3:50 AM,48 °F,45 °F,87 %,CALM,0 mph,0 mph,30.01 in,0.0 in,Fair
536,2019-07-09,4:20 AM,46 °F,45 °F,93 %,VAR,1 mph,0 mph,30.01 in,0.0 in,Fair
537,2019-07-09,4:50 AM,45 °F,43 °F,93 %,VAR,1 mph,0 mph,30.01 in,0.0 in,Fair
538,2019-07-09,5:20 AM,46 °F,45 °F,93 %,VAR,2 mph,0 mph,30.01 in,0.0 in,Fair
539,2019-07-09,5:50 AM,46 °F,45 °F,93 %,CALM,0 mph,0 mph,30.04 in,0.0 in,Fair
540,2019-07-09,6:20 AM,48 °F,45 °F,87 %,VAR,2 mph,0 mph,30.04 in,0.0 in,Fair
541,2019-07-09,6:50 AM,50 °F,48 °F,94 %,N,2 mph,0 mph,30.04 in,0.0 in,Fair
542,2019-07-09,7:20 AM,52 °F,48 °F,88 %,VAR,2 mph,0 mph,30.04 in,0.0 in,Fair
543,2019-07-09,7:50 AM,54 °F,50 °F,88 %,CALM,0 mph,0 mph,30.04 in,0.0 in,Fair
544,2019-07-09,8:20 AM,57 °F,52 °F,82 %,CALM,0 mph,0 mph,30.04 in,0.0 in,Fair
545,2019-07-09,8:50 AM,57 °F,48 °F,72 %,VAR,2 mph,0 mph,30.04 in,0.0 in,Fair
546,2019-07-09,9:20 AM,59 °F,48 °F,67 %,ENE,5 mph,0 mph,30.04 in,0.0 in,Fair
547,2019-07-09,9:50 AM,59 °F,48 °F,67 %,VAR,3 mph,0 mph,30.04 in,0.0 in,Fair
548,2019-07-09,10:20 AM,59 °F,48 °F,67 %,NNE,3 mph,0 mph,30.04 in,0.0 in,Fair
549,2019-07-09,10:50 AM,59 °F,46 °F,63 %,NNE,5 mph,0 mph,30.04 in,0.0 in,Fair
550,2019-07-09,11:20 AM,61 °F,48 °F,63 %,E,3 mph,0 mph,30.04 in,0.0 in,Fair
551,2019-07-09,11:50 AM,63 °F,46 °F,55 %,VAR,5 mph,0 mph,30.04 in,0.0 in,Fair
552,2019-07-09,12:20 PM,64 °F,46 °F,52 %,NNE,3 mph,0 mph,30.04 in,0.0 in,Fair
553,2019-07-09,12:50 PM,64 °F,45 °F,49 %,VAR,2 mph,0 mph,30.04 in,0.0 in,Fair
554,2019-07-09,1:20 PM,64 °F,46 °F,52 %,VAR,2 mph,0 mph,30.04 in,0.0 in,Fair
555,2019-07-09,1:50 PM,66 °F,46 °F,49 %,NNW,3 mph,0 mph,30.04 in,0.0 in,Fair
556,2019-07-09,2:20 PM,66 °F,45 °F,46 %,VAR,2 mph,0 mph,30.04 in,0.0 in,Fair
557,2019-07-09,2:50 PM,68 °F,46 °F,46 %,NE,3 mph,0 mph,30.01 in,0.0 in,Fair
558,2019-07-09,3:20 PM,68 °F,45 °F,43 %,VAR,5 mph,0 mph,30.01 in,0.0 in,Fair
559,2019-07-09,3:50 PM,66 °F,45 °F,46 %,N,5 mph,0 mph,30.01 in,0.0 in,Fair
560,2019-07-09,4:20 PM,68 °F,45 °F,43 %,VAR,5 mph,0 mph,30.01 in,0.0 in,Fair
561,2019-07-09,4:50 PM,70 °F,45 °F,40 %,N,6 mph,0 mph,30.01 in,0.0 in,Fair
562,2019-07-09,5:20 PM,68 °F,48 °F,49 %,NNE,7 mph,0 mph,30.01 in,0.0 in,Fair
563,2019-07-09,5:50 PM,68 °F,45 °F,43 %,N,10 mph,0 mph,30.01 in,0.0 in,Fair
564,2019-07-09,6:20 PM,68 °F,45 °F,43 %,N,8 mph,0 mph,30.01 in,0.0 in,Fair
565,2019-07-09,6:50 PM,66 °F,45 °F,46 %,N,8 mph,0 mph,30.01 in,0.0 in,Fair
566,2019-07-09,7:20 PM,66 °F,45 °F,46 %,N,8 mph,0 mph,30.01 in,0.0 in,Fair
567,2019-07-09,7:50 PM,64 °F,45 °F,49 %,N,8 mph,0 mph,30.01 in,0.0 in,Fair
568,2019-07-09,8:20 PM,66 °F,45 °F,46 %,N,6 mph,0 mph,29.98 in,0.0 in,Fair
569,2019-07-09,8:50 PM,63 °F,46 °F,55 %,N,7 mph,0 mph,30.01 in,0.0 in,Fair
570,2019-07-09,9:20 PM,61 °F,46 °F,59 %,N,5 mph,0 mph,30.01 in,0.0 in,Fair
571,2019-07-09,9:50 PM,59 °F,48 °F,67 %,NNE,3 mph,0 mph,30.01 in,0.0 in,Fair
572,2019-07-09,10:20 PM,59 °F,48 °F,67 %,N,3 mph,0 mph,30.01 in,0.0 in,Fair
573,2019-07-09,10:50 PM,57 °F,48 °F,72 %,N,5 mph,0 mph,30.01 in,0.0 in,Fair
574,2019-07-09,11:20 PM,55 °F,48 °F,77 %,NNE,2 mph,0 mph,30.01 in,0.0 in,Fair
575,2019-07-09,11:50 PM,54 °F,48 °F,82 %,NNE,3 mph,0 mph,30.01 in,0.0 in,Fair
576,2019-07-10,12:20 AM,55 °F,48 °F,77 %,NE,3 mph,0 mph,30.01 in,0.0 in,Fair
577,2019-07-10,12:50 AM,55 °F,48 °F,77 %,ENE,2 mph,0 mph,30.01 in,0.0 in,Fair
578,2019-07-10,1:20 AM,54 °F,48 °F,82 %,NNE,1 mph,0 mph,30.01 in,0.0 in,Fair
579,2019-07-10,1:50 AM,54 °F,48 °F,82 %,VAR,1 mph,0 mph,30.01 in,0.0 in,Fair
580,2019-07-10,2:20 AM,52 °F,46 °F,82 %,N,1 mph,0 mph,30.01 in,0.0 in,Fair
581,2019-07-10,2:50 AM,52 °F,48 °F,88 %,ENE,1 mph,0 mph,30.01 in,0.0 in,Fair
582,2019-07-10,3:20 AM,52 °F,48 °F,88 %,E,2 mph,0 mph,30.01 in,0.0 in,Fair
583,2019-07-10,3:50 AM,54 °F,48 °F,82 %,E,2 mph,0 mph,30.01 in,0.0 in,Fair
584,2019-07-10,4:20 AM,52 °F,48 °F,88 %,VAR,1 mph,0 mph,30.01 in,0.0 in,Fair
585,2019-07-10,4:50 AM,52 °F,48 °F,88 %,ESE,3 mph,0 mph,30.01 in,0.0 in,Fair
586,2019-07-10,5:20 AM,52 °F,46 °F,82 %,ESE,1 mph,0 mph,30.01 in,0.0 in,Fair
587,2019-07-10,5:50 AM,54 °F,46 °F,77 %,SE,2 mph,0 mph,30.01 in,0.0 in,Fair
588,2019-07-10,6:20 AM,54 °F,46 °F,77 %,SE,3 mph,0 mph,30.01 in,0.0 in,Fair
589,2019-07-10,6:50 AM,55 °F,46 °F,72 %,SE,3 mph,0 mph,30.01 in,0.0 in,Fair
590,2019-07-10,7:20 AM,55 °F,46 °F,72 %,SE,3 mph,0 mph,30.01 in,0.0 in,Fair
591,2019-07-10,7:50 AM,57 °F,45 °F,63 %,ESE,5 mph,0 mph,30.01 in,0.0 in,Fair
592,2019-07-10,8:20 AM,59 °F,46 °F,63 %,SE,6 mph,0 mph,30.01 in,0.0 in,Fair
593,2019-07-10,8:50 AM,61 °F,46 °F,59 %,SSE,3 mph,0 mph,30.01 in,0.0 in,Fair
594,2019-07-10,9:20 AM,63 °F,48 °F,59 %,SSE,3 mph,0 mph,30.01 in,0.0 in,Fair
595,2019-07-10,9:50 AM,64 °F,46 °F,52 %,SSE,5 mph,0 mph,30.01 in,0.0 in,Fair
596,2019-07-10,10:20 AM,66 °F,50 °F,56 %,SSE,3 mph,0 mph,30.01 in,0.0 in,Fair
597,2019-07-10,10:50 AM,66 °F,45 °F,46 %,SW,3 mph,0 mph,30.01 in,0.0 in,Fair
598,2019-07-10,11:20 AM,68 °F,43 °F,40 %,VAR,2 mph,0 mph,30.01 in,0.0 in,Fair
599,2019-07-10,11:50 AM,68 °F,45 °F,43 %,VAR,2 mph,0 mph,30.01 in,0.0 in,Fair
600,2019-07-10,12:20 PM,70 °F,45 °F,40 %,VAR,2 mph,0 mph,29.98 in,0.0 in,Fair
601,2019-07-10,12:50 PM,72 °F,45 °F,38 %,WSW,5 mph,0 mph,29.98 in,0.0 in,Mostly Cloudy
602,2019-07-10,1:20 PM,70 °F,45 °F,40 %,VAR,3 mph,0 mph,29.98 in,0.0 in,Mostly Cloudy
603,2019-07-10,1:50 PM,72 °F,46 °F,41 %,VAR,2 mph,0 mph,29.98 in,0.0 in,Mostly Cloudy
604,2019-07-10,2:20 PM,72 °F,50 °F,46 %,NW,6 mph,0 mph,29.98 in,0.0 in,Mostly Cloudy
605,2019-07-10,2:50 PM,72 °F,50 °F,46 %,NW,5 mph,0 mph,29.98 in,0.0 in,Mostly Cloudy
606,2019-07-10,3:20 PM,72 °F,52 °F,50 %,VAR,6 mph,0 mph,29.95 in,0.0 in,Mostly Cloudy
607,2019-07-10,3:50 PM,73 °F,52 °F,47 %,NW,6 mph,0 mph,29.95 in,0.0 in,Mostly Cloudy
608,2019-07-10,4:20 PM,72 °F,52 °F,50 %,NNW,5 mph,0 mph,29.95 in,0.0 in,Mostly Cloudy
609,2019-07-10,4:50 PM,73 °F,54 °F,50 %,NNW,3 mph,0 mph,29.95 in,0.0 in,Mostly Cloudy
610,2019-07-10,5:20 PM,72 °F,54 °F,53 %,NW,6 mph,0 mph,29.95 in,0.0 in,Partly Cloudy
611,2019-07-10,5:50 PM,73 °F,54 °F,50 %,VAR,2 mph,0 mph,29.92 in,0.0 in,Partly Cloudy
612,2019-07-10,6:20 PM,72 °F,55 °F,57 %,VAR,2 mph,0 mph,29.92 in,0.0 in,Partly Cloudy
613,2019-07-10,6:50 PM,70 °F,55 °F,60 %,NNE,3 mph,0 mph,29.92 in,0.0 in,Light Rain
614,2019-07-10,7:20 PM,70 °F,57 °F,64 %,NNE,3 mph,0 mph,29.92 in,0.0 in,Light Rain
615,2019-07-10,7:50 PM,68 °F,61 °F,78 %,NE,3 mph,0 mph,29.92 in,0.0 in,Fair
616,2019-07-10,8:20 PM,68 °F,59 °F,73 %,NE,2 mph,0 mph,29.92 in,0.0 in,Fair
617,2019-07-10,8:50 PM,68 °F,59 °F,73 %,ESE,2 mph,0 mph,29.89 in,0.0 in,Fair
618,2019-07-10,9:20 PM,66 °F,59 °F,78 %,E,1 mph,0 mph,29.89 in,0.0 in,Fair
619,2019-07-10,9:50 PM,66 °F,59 °F,78 %,SE,1 mph,0 mph,29.89 in,0.0 in,Fair
620,2019-07-10,10:20 PM,64 °F,57 °F,77 %,SE,3 mph,0 mph,29.89 in,0.0 in,Fair
621,2019-07-10,10:50 PM,63 °F,57 °F,82 %,SSE,2 mph,0 mph,29.89 in,0.0 in,Fair
622,2019-07-10,11:20 PM,61 °F,57 °F,88 %,SSE,2 mph,0 mph,29.86 in,0.0 in,Fair
623,2019-07-10,11:50 PM,61 °F,55 °F,82 %,S,5 mph,0 mph,29.86 in,0.0 in,Fair
624,2019-07-11,12:20 AM,61 °F,55 °F,82 %,S,6 mph,0 mph,29.86 in,0.0 in,Fair
625,2019-07-11,12:50 AM,61 °F,55 °F,82 %,S,5 mph,0 mph,29.86 in,0.0 in,Fair
626,2019-07-11,1:20 AM,61 °F,55 °F,82 %,S,6 mph,0 mph,29.86 in,0.0 in,Fair
627,2019-07-11,1:50 AM,61 °F,55 °F,82 %,S,6 mph,0 mph,29.83 in,0.0 in,Fair
628,2019-07-11,2:20 AM,61 °F,55 °F,82 %,S,7 mph,0 mph,29.83 in,0.0 in,Fair
629,2019-07-11,2:50 AM,63 °F,55 °F,77 %,S,7 mph,0 mph,29.83 in,0.0 in,Fair
630,2019-07-11,3:20 AM,63 °F,54 °F,72 %,S,7 mph,0 mph,29.83 in,0.0 in,Fair
631,2019-07-11,3:50 AM,63 °F,54 °F,72 %,S,7 mph,0 mph,29.81 in,0.0 in,Fair
632,2019-07-11,4:20 AM,63 °F,54 °F,72 %,S,8 mph,0 mph,29.81 in,0.0 in,Light Rain
633,2019-07-11,4:50 AM,63 °F,54 °F,72 %,S,8 mph,0 mph,29.81 in,0.0 in,Light Rain
634,2019-07-11,5:20 AM,63 °F,54 °F,72 %,S,6 mph,0 mph,29.81 in,0.0 in,Light Rain
635,2019-07-11,5:50 AM,63 °F,54 °F,72 %,S,7 mph,0 mph,29.81 in,0.0 in,Fair
636,2019-07-11,6:20 AM,63 °F,54 °F,72 %,VAR,1 mph,0 mph,29.81 in,0.0 in,Fair
637,2019-07-11,6:50 AM,63 °F,54 °F,72 %,SW,5 mph,0 mph,29.81 in,0.0 in,Fair
638,2019-07-11,7:20 AM,63 °F,57 °F,82 %,VAR,1 mph,0 mph,29.78 in,0.0 in,Fair
639,2019-07-11,7:50 AM,64 °F,57 °F,77 %,SW,3 mph,0 mph,29.78 in,0.0 in,Fair
640,2019-07-11,8:20 AM,64 °F,57 °F,77 %,SW,5 mph,0 mph,29.78 in,0.0 in,Fair
641,2019-07-11,8:50 AM,64 °F,57 °F,77 %,SW,5 mph,0 mph,29.78 in,0.0 in,Fair
642,2019-07-11,9:20 AM,64 °F,57 °F,77 %,VAR,2 mph,0 mph,29.78 in,0.0 in,Fair
643,2019-07-11,9:50 AM,66 °F,57 °F,73 %,SW,5 mph,0 mph,29.78 in,0.0 in,Fair
644,2019-07-11,10:20 AM,68 °F,57 °F,68 %,SW,5 mph,0 mph,29.78 in,0.0 in,Fair
645,2019-07-11,10:50 AM,68 °F,55 °F,64 %,WSW,7 mph,0 mph,29.78 in,0.0 in,Fair
646,2019-07-11,11:20 AM,70 °F,55 °F,60 %,SW,6 mph,0 mph,29.78 in,0.0 in,Fair
647,2019-07-11,11:50 AM,70 °F,54 °F,56 %,SW,7 mph,0 mph,29.78 in,0.0 in,Fair
648,2019-07-11,12:20 PM,70 °F,54 °F,56 %,WSW,8 mph,0 mph,29.78 in,0.0 in,Fair
649,2019-07-11,12:50 PM,72 °F,52 °F,50 %,WSW,9 mph,0 mph,29.78 in,0.0 in,Fair
650,2019-07-11,1:20 PM,72 °F,52 °F,50 %,WSW,9 mph,0 mph,29.78 in,0.0 in,Fair
651,2019-07-11,1:50 PM,70 °F,54 °F,56 %,WSW,9 mph,0 mph,29.78 in,0.0 in,Fair
652,2019-07-11,2:20 PM,70 °F,52 °F,53 %,W,8 mph,0 mph,29.78 in,0.0 in,Fair
653,2019-07-11,2:50 PM,72 °F,54 °F,53 %,W,7 mph,0 mph,29.78 in,0.0 in,Fair
654,2019-07-11,3:20 PM,73 °F,54 °F,50 %,W,7 mph,0 mph,29.78 in,0.0 in,Fair
655,2019-07-11,3:50 PM,73 °F,54 °F,50 %,W,9 mph,0 mph,29.78 in,0.0 in,Fair
656,2019-07-11,4:20 PM,75 °F,54 °F,47 %,W,10 mph,0 mph,29.78 in,0.0 in,Fair
657,2019-07-11,4:50 PM,75 °F,54 °F,47 %,WNW,9 mph,0 mph,29.78 in,0.0 in,Fair
658,2019-07-11,5:20 PM,77 °F,54 °F,44 %,W,8 mph,0 mph,29.75 in,0.0 in,Fair
659,2019-07-11,5:50 PM,75 °F,54 °F,47 %,WNW,9 mph,0 mph,29.75 in,0.0 in,Fair
660,2019-07-11,6:20 PM,77 °F,54 °F,44 %,W,10 mph,0 mph,29.75 in,0.0 in,Fair
661,2019-07-11,6:50 PM,75 °F,52 °F,44 %,W,12 mph,0 mph,29.75 in,0.0 in,Fair
662,2019-07-11,7:20 PM,75 °F,55 °F,50 %,WNW,7 mph,0 mph,29.75 in,0.0 in,Fair
663,2019-07-11,7:50 PM,73 °F,54 °F,50 %,NW,8 mph,0 mph,29.75 in,0.0 in,Fair
664,2019-07-11,8:20 PM,73 °F,54 °F,50 %,NW,8 mph,0 mph,29.75 in,0.0 in,Fair
665,2019-07-11,8:50 PM,72 °F,55 °F,57 %,NNW,6 mph,0 mph,29.75 in,0.0 in,Fair
666,2019-07-11,9:20 PM,68 °F,57 °F,68 %,N,3 mph,0 mph,29.75 in,0.0 in,Fair
667,2019-07-11,9:50 PM,66 °F,57 °F,73 %,N,3 mph,0 mph,29.75 in,0.0 in,Fair
668,2019-07-11,10:20 PM,66 °F,57 °F,73 %,N,5 mph,0 mph,29.75 in,0.0 in,Fair
669,2019-07-11,10:50 PM,64 °F,55 °F,73 %,NNE,3 mph,0 mph,29.78 in,0.0 in,Fair
670,2019-07-11,11:20 PM,64 °F,57 °F,77 %,VAR,2 mph,0 mph,29.75 in,0.0 in,Fair
671,2019-07-11,11:50 PM,61 °F,57 °F,88 %,VAR,2 mph,0 mph,29.75 in,0.0 in,Fair
672,2019-07-12,12:20 AM,63 °F,57 °F,82 %,SSE,2 mph,0 mph,29.75 in,0.0 in,Fair
673,2019-07-12,12:50 AM,61 °F,55 °F,82 %,SSW,2 mph,0 mph,29.75 in,0.0 in,Fair
674,2019-07-12,1:20 AM,61 °F,57 °F,88 %,SSW,2 mph,0 mph,29.75 in,0.0 in,Fair
675,2019-07-12,1:50 AM,61 °F,55 °F,82 %,SSW,3 mph,0 mph,29.75 in,0.0 in,Fair
676,2019-07-12,2:20 AM,59 °F,55 °F,88 %,S,3 mph,0 mph,29.75 in,0.0 in,Fair
677,2019-07-12,2:50 AM,59 °F,55 °F,88 %,S,3 mph,0 mph,29.75 in,0.0 in,Fair
678,2019-07-12,3:20 AM,59 °F,55 °F,88 %,S,3 mph,0 mph,29.75 in,0.0 in,Fair
679,2019-07-12,3:50 AM,59 °F,55 °F,88 %,WSW,2 mph,0 mph,29.75 in,0.0 in,Fair
680,2019-07-12,4:20 AM,61 °F,55 °F,82 %,WSW,2 mph,0 mph,29.75 in,0.0 in,Fair
681,2019-07-12,4:50 AM,59 °F,55 °F,88 %,WSW,3 mph,0 mph,29.72 in,0.0 in,Fair
682,2019-07-12,5:20 AM,59 °F,55 °F,88 %,W,2 mph,0 mph,29.72 in,0.0 in,Fair
683,2019-07-12,5:50 AM,59 °F,55 °F,88 %,W,5 mph,0 mph,29.72 in,0.0 in,Fair
684,2019-07-12,6:20 AM,59 °F,54 °F,82 %,WSW,3 mph,0 mph,29.72 in,0.0 in,Fair
685,2019-07-12,6:50 AM,61 °F,52 °F,72 %,W,6 mph,0 mph,29.72 in,0.0 in,Fair
686,2019-07-12,7:20 AM,59 °F,52 °F,77 %,WSW,7 mph,0 mph,29.75 in,0.0 in,Fair
687,2019-07-12,7:50 AM,63 °F,52 °F,68 %,WSW,6 mph,0 mph,29.75 in,0.0 in,Fair
688,2019-07-12,8:20 AM,64 °F,54 °F,68 %,W,6 mph,0 mph,29.75 in,0.0 in,Fair
689,2019-07-12,8:50 AM,64 °F,54 °F,68 %,WSW,5 mph,0 mph,29.75 in,0.0 in,Fair
690,2019-07-12,9:20 AM,66 °F,55 °F,68 %,WSW,5 mph,0 mph,29.75 in,0.0 in,Fair
691,2019-07-12,9:50 AM,66 °F,55 °F,68 %,W,5 mph,0 mph,29.75 in,0.0 in,Fair
692,2019-07-12,10:20 AM,68 °F,57 °F,68 %,W,6 mph,0 mph,29.75 in,0.0 in,Fair
693,2019-07-12,10:50 AM,66 °F,57 °F,73 %,W,9 mph,0 mph,29.75 in,0.0 in,Fair
694,2019-07-12,11:20 AM,68 °F,59 °F,73 %,W,7 mph,0 mph,29.75 in,0.0 in,Partly Cloudy
695,2019-07-12,11:50 AM,70 °F,61 °F,73 %,W,6 mph,0 mph,29.75 in,0.0 in,Partly Cloudy
696,2019-07-12,12:20 PM,70 °F,59 °F,68 %,WNW,7 mph,0 mph,29.75 in,0.0 in,Showers in the Vicinity
697,2019-07-12,12:50 PM,68 °F,61 °F,78 %,W,8 mph,0 mph,29.75 in,0.0 in,Fair
698,2019-07-12,1:20 PM,68 °F,59 °F,73 %,NW,10 mph,0 mph,29.75 in,0.0 in,Rain Shower
699,2019-07-12,1:50 PM,64 °F,63 °F,94 %,W,6 mph,0 mph,29.75 in,0.0 in,Partly Cloudy
700,2019-07-12,2:20 PM,63 °F,59 °F,88 %,VAR,6 mph,0 mph,29.75 in,0.0 in,Light Rain with Thunder
701,2019-07-12,2:50 PM,64 °F,59 °F,83 %,NW,9 mph,0 mph,29.78 in,0.0 in,Mostly Cloudy
702,2019-07-12,3:20 PM,66 °F,61 °F,83 %,NW,10 mph,0 mph,29.78 in,0.0 in,Light Rain Shower
703,2019-07-12,3:50 PM,68 °F,61 °F,78 %,NW,14 mph,0 mph,29.78 in,0.0 in,Partly Cloudy
704,2019-07-12,4:20 PM,68 °F,57 °F,68 %,NW,13 mph,0 mph,29.78 in,0.0 in,Partly Cloudy
705,2019-07-12,4:50 PM,68 °F,55 °F,64 %,NNW,13 mph,0 mph,29.78 in,0.0 in,Partly Cloudy
706,2019-07-12,5:20 PM,68 °F,55 °F,64 %,NNW,13 mph,0 mph,29.78 in,0.0 in,Fair
707,2019-07-12,5:50 PM,70 °F,54 °F,56 %,NW,14 mph,0 mph,29.81 in,0.0 in,Fair
708,2019-07-12,6:20 PM,68 °F,54 °F,60 %,NNW,13 mph,0 mph,29.81 in,0.0 in,Fair
709,2019-07-12,6:50 PM,66 °F,54 °F,64 %,NNW,10 mph,0 mph,29.81 in,0.0 in,Fair
710,2019-07-12,7:20 PM,66 °F,54 °F,64 %,NNW,12 mph,0 mph,29.81 in,0.0 in,Fair
711,2019-07-12,7:50 PM,66 °F,55 °F,68 %,NNW,13 mph,0 mph,29.81 in,0.0 in,Fair
712,2019-07-12,8:20 PM,66 °F,55 °F,68 %,NNW,9 mph,0 mph,29.83 in,0.0 in,Fair
713,2019-07-12,8:50 PM,64 °F,55 °F,73 %,NW,10 mph,0 mph,29.83 in,0.0 in,Fair
714,2019-07-12,9:20 PM,63 °F,55 °F,77 %,NNW,7 mph,0 mph,29.83 in,0.0 in,Fair
715,2019-07-12,9:50 PM,63 °F,55 °F,77 %,NNW,6 mph,0 mph,29.86 in,0.0 in,Fair
716,2019-07-12,10:20 PM,63 °F,55 °F,77 %,NW,5 mph,0 mph,29.86 in,0.0 in,Fair
717,2019-07-12,10:50 PM,61 °F,55 °F,82 %,WNW,7 mph,0 mph,29.86 in,0.0 in,Fair
718,2019-07-12,11:20 PM,61 °F,57 °F,88 %,WNW,7 mph,0 mph,29.86 in,0.0 in,Fair
719,2019-07-12,11:50 PM,61 °F,55 °F,82 %,WNW,8 mph,0 mph,29.86 in,0.0 in,Partly Cloudy
720,2019-07-13,12:20 AM,59 °F,55 °F,88 %,WNW,8 mph,0 mph,29.86 in,0.0 in,Partly Cloudy
721,2019-07-13,12:50 AM,59 °F,55 °F,88 %,WNW,8 mph,0 mph,29.89 in,0.0 in,Fair
722,2019-07-13,1:20 AM,59 °F,55 °F,88 %,NW,8 mph,0 mph,29.89 in,0.0 in,Fair
723,2019-07-13,1:50 AM,59 °F,55 °F,88 %,NW,10 mph,0 mph,29.89 in,0.0 in,Fair
724,2019-07-13,2:20 AM,57 °F,55 °F,94 %,WNW,8 mph,0 mph,29.89 in,0.0 in,Mostly Cloudy
725,2019-07-13,2:50 AM,59 °F,55 °F,88 %,WNW,8 mph,0 mph,29.89 in,0.0 in,Mostly Cloudy
726,2019-07-13,3:20 AM,59 °F,54 °F,82 %,WNW,8 mph,0 mph,29.89 in,0.0 in,Mostly Cloudy
727,2019-07-13,3:50 AM,59 °F,55 °F,88 %,NW,6 mph,0 mph,29.89 in,0.0 in,Mostly Cloudy
728,2019-07-13,4:20 AM,59 °F,55 °F,88 %,NW,3 mph,0 mph,29.89 in,0.0 in,Mostly Cloudy
729,2019-07-13,4:50 AM,59 °F,55 °F,88 %,NW,3 mph,0 mph,29.89 in,0.0 in,Mostly Cloudy
730,2019-07-13,5:20 AM,59 °F,55 °F,88 %,WNW,7 mph,0 mph,29.89 in,0.0 in,Mostly Cloudy
731,2019-07-13,5:50 AM,59 °F,55 °F,88 %,WNW,7 mph,0 mph,29.89 in,0.0 in,Mostly Cloudy
732,2019-07-13,6:20 AM,61 °F,55 °F,82 %,WNW,9 mph,0 mph,29.92 in,0.0 in,Mostly Cloudy
733,2019-07-13,6:50 AM,61 °F,55 °F,82 %,WNW,9 mph,0 mph,29.92 in,0.0 in,Mostly Cloudy
734,2019-07-13,7:20 AM,61 °F,55 °F,82 %,WNW,7 mph,0 mph,29.92 in,0.0 in,Mostly Cloudy
735,2019-07-13,7:50 AM,61 °F,55 °F,82 %,WNW,8 mph,0 mph,29.92 in,0.0 in,Light Drizzle
736,2019-07-13,8:20 AM,59 °F,57 °F,94 %,WNW,6 mph,0 mph,29.92 in,0.0 in,Mostly Cloudy
737,2019-07-13,8:50 AM,59 °F,57 °F,94 %,WNW,6 mph,0 mph,29.95 in,0.0 in,Mostly Cloudy
738,2019-07-13,9:20 AM,61 °F,57 °F,88 %,NW,7 mph,0 mph,29.95 in,0.0 in,Light Drizzle
739,2019-07-13,9:50 AM,61 °F,59 °F,94 %,WNW,7 mph,0 mph,29.95 in,0.0 in,Fair
740,2019-07-13,10:20 AM,63 °F,59 °F,88 %,NW,6 mph,0 mph,29.95 in,0.0 in,Mostly Cloudy
741,2019-07-13,10:50 AM,63 °F,59 °F,88 %,WNW,7 mph,0 mph,29.95 in,0.0 in,Mostly Cloudy
742,2019-07-13,11:20 AM,63 °F,61 °F,94 %,N,3 mph,0 mph,29.95 in,0.0 in,Mostly Cloudy
743,2019-07-13,11:50 AM,64 °F,61 °F,88 %,N,5 mph,0 mph,29.95 in,0.0 in,Mostly Cloudy
744,2019-07-13,12:20 PM,66 °F,59 °F,78 %,NNW,9 mph,0 mph,29.95 in,0.0 in,Light Rain Shower
745,2019-07-13,12:50 PM,66 °F,59 °F,78 %,NNW,10 mph,0 mph,29.95 in,0.0 in,Partly Cloudy
746,2019-07-13,1:20 PM,68 °F,57 °F,68 %,NNW,12 mph,0 mph,29.95 in,0.0 in,Partly Cloudy
747,2019-07-13,1:50 PM,68 °F,59 °F,73 %,NNW,13 mph,0 mph,29.98 in,0.0 in,Partly Cloudy
748,2019-07-13,2:20 PM,70 °F,55 °F,60 %,NW,13 mph,0 mph,29.95 in,0.0 in,Partly Cloudy
749,2019-07-13,2:50 PM,68 °F,57 °F,68 %,NNW,10 mph,0 mph,29.98 in,0.0 in,Partly Cloudy
750,2019-07-13,3:20 PM,68 °F,55 °F,64 %,NNW,14 mph,0 mph,29.98 in,0.0 in,Fair
751,2019-07-13,3:50 PM,68 °F,55 °F,64 %,NW,15 mph,0 mph,29.98 in,0.0 in,Mostly Cloudy
752,2019-07-13,4:20 PM,70 °F,55 °F,60 %,NW,12 mph,0 mph,29.98 in,0.0 in,Partly Cloudy
753,2019-07-13,4:50 PM,70 °F,55 °F,60 %,NW,10 mph,0 mph,29.98 in,0.0 in,Partly Cloudy
754,2019-07-13,5:20 PM,66 °F,55 °F,68 %,NNW,14 mph,0 mph,29.98 in,0.0 in,Partly Cloudy
755,2019-07-13,5:50 PM,66 °F,55 °F,68 %,NW,12 mph,0 mph,29.98 in,0.0 in,Partly Cloudy
756,2019-07-13,6:20 PM,66 °F,55 °F,68 %,NW,12 mph,0 mph,29.98 in,0.0 in,Fair
757,2019-07-13,6:50 PM,66 °F,55 °F,68 %,NNW,9 mph,0 mph,29.98 in,0.0 in,Partly Cloudy
758,2019-07-13,7:20 PM,66 °F,55 °F,68 %,NNW,14 mph,0 mph,29.98 in,0.0 in,Partly Cloudy
759,2019-07-13,7:50 PM,64 °F,55 °F,73 %,NNW,10 mph,0 mph,29.98 in,0.0 in,Partly Cloudy
760,2019-07-13,8:20 PM,63 °F,55 °F,77 %,NNW,12 mph,0 mph,29.98 in,0.0 in,Partly Cloudy
761,2019-07-13,8:50 PM,63 °F,55 °F,77 %,NNW,8 mph,0 mph,29.98 in,0.0 in,Fair
762,2019-07-13,9:20 PM,63 °F,55 °F,77 %,NNW,10 mph,0 mph,29.98 in,0.0 in,Fair
763,2019-07-13,9:50 PM,63 °F,54 °F,72 %,NNW,12 mph,0 mph,29.98 in,0.0 in,Partly Cloudy
764,2019-07-13,10:20 PM,61 °F,54 °F,77 %,NNW,9 mph,0 mph,30.01 in,0.0 in,Partly Cloudy
765,2019-07-13,10:50 PM,59 °F,54 °F,82 %,NNW,6 mph,0 mph,30.01 in,0.0 in,Fair
766,2019-07-13,11:20 PM,57 °F,54 °F,88 %,NNW,5 mph,0 mph,30.01 in,0.0 in,Fair
767,2019-07-13,11:50 PM,57 °F,52 °F,82 %,N,5 mph,0 mph,30.01 in,0.0 in,Partly Cloudy
768,2019-07-14,12:20 AM,57 °F,54 °F,88 %,N,3 mph,0 mph,30.01 in,0.0 in,Mostly Cloudy
769,2019-07-14,12:50 AM,57 °F,54 °F,88 %,N,2 mph,0 mph,30.01 in,0.0 in,Mostly Cloudy
770,2019-07-14,1:20 AM,57 °F,55 °F,94 %,NE,2 mph,0 mph,30.01 in,0.0 in,Mostly Cloudy
771,2019-07-14,1:50 AM,59 °F,54 °F,82 %,N,7 mph,0 mph,30.01 in,0.0 in,Mostly Cloudy
772,2019-07-14,2:20 AM,59 °F,52 °F,77 %,N,8 mph,0 mph,30.01 in,0.0 in,Mostly Cloudy
773,2019-07-14,2:50 AM,59 °F,54 °F,82 %,NNE,5 mph,0 mph,30.01 in,0.0 in,Mostly Cloudy
774,2019-07-14,3:20 AM,57 °F,52 °F,82 %,N,6 mph,0 mph,30.01 in,0.0 in,Mostly Cloudy
775,2019-07-14,3:50 AM,57 °F,50 °F,77 %,N,6 mph,0 mph,30.01 in,0.0 in,Mostly Cloudy
776,2019-07-14,4:20 AM,57 °F,52 °F,82 %,NNE,2 mph,0 mph,29.98 in,0.0 in,Mostly Cloudy
777,2019-07-14,4:50 AM,57 °F,52 °F,82 %,VAR,2 mph,0 mph,29.98 in,0.0 in,Mostly Cloudy
778,2019-07-14,5:20 AM,57 °F,52 °F,82 %,VAR,2 mph,0 mph,29.98 in,0.0 in,Mostly Cloudy
779,2019-07-14,5:50 AM,57 °F,52 °F,82 %,NNE,5 mph,0 mph,29.98 in,0.0 in,Mostly Cloudy
780,2019-07-14,6:20 AM,55 °F,52 °F,88 %,NNE,8 mph,0 mph,29.98 in,0.0 in,Mostly Cloudy
781,2019-07-14,6:50 AM,55 °F,54 °F,94 %,NE,2 mph,0 mph,29.98 in,0.0 in,Mostly Cloudy
782,2019-07-14,7:20 AM,55 °F,54 °F,94 %,NNE,3 mph,0 mph,29.98 in,0.0 in,Mostly Cloudy
783,2019-07-14,7:50 AM,57 °F,54 °F,88 %,NNE,3 mph,0 mph,29.98 in,0.0 in,Mostly Cloudy
784,2019-07-14,8:20 AM,59 °F,54 °F,82 %,ENE,7 mph,0 mph,29.98 in,0.0 in,Mostly Cloudy
785,2019-07-14,8:50 AM,59 °F,50 °F,72 %,NE,8 mph,0 mph,30.01 in,0.0 in,Mostly Cloudy
786,2019-07-14,9:20 AM,57 °F,52 °F,82 %,NNE,9 mph,0 mph,30.01 in,0.0 in,Mostly Cloudy
787,2019-07-14,9:50 AM,59 °F,52 °F,77 %,N,7 mph,0 mph,30.01 in,0.0 in,Mostly Cloudy
788,2019-07-14,10:20 AM,63 °F,52 °F,68 %,NNE,8 mph,0 mph,30.01 in,0.0 in,Mostly Cloudy
789,2019-07-14,10:50 AM,61 °F,52 °F,72 %,NNE,7 mph,0 mph,30.01 in,0.0 in,Mostly Cloudy
790,2019-07-14,11:20 AM,61 °F,52 °F,72 %,NNE,8 mph,0 mph,30.01 in,0.0 in,Light Drizzle
791,2019-07-14,11:50 AM,63 °F,54 °F,72 %,N,8 mph,0 mph,30.01 in,0.0 in,Mostly Cloudy
792,2019-07-14,12:20 PM,63 °F,52 °F,68 %,N,6 mph,0 mph,30.01 in,0.0 in,Mostly Cloudy
793,2019-07-14,12:50 PM,64 °F,52 °F,64 %,NNE,7 mph,0 mph,30.01 in,0.0 in,Mostly Cloudy
794,2019-07-14,1:20 PM,64 °F,50 °F,59 %,N,8 mph,0 mph,30.01 in,0.0 in,Mostly Cloudy
795,2019-07-14,1:50 PM,63 °F,52 °F,68 %,NNW,9 mph,0 mph,30.01 in,0.0 in,Mostly Cloudy
796,2019-07-14,2:20 PM,63 °F,52 °F,68 %,N,6 mph,0 mph,30.01 in,0.0 in,Mostly Cloudy
797,2019-07-14,2:50 PM,64 °F,52 °F,64 %,N,7 mph,0 mph,30.01 in,0.0 in,Fair
798,2019-07-14,3:20 PM,64 °F,52 °F,64 %,NE,10 mph,0 mph,30.01 in,0.0 in,Mostly Cloudy
799,2019-07-14,3:50 PM,66 °F,52 °F,60 %,N,8 mph,0 mph,30.01 in,0.0 in,Fair
800,2019-07-14,4:20 PM,66 °F,52 °F,60 %,N,7 mph,0 mph,29.98 in,0.0 in,Mostly Cloudy
801,2019-07-14,4:50 PM,64 °F,52 °F,64 %,N,12 mph,0 mph,30.01 in,0.0 in,Partly Cloudy
802,2019-07-14,5:20 PM,64 °F,52 °F,64 %,N,8 mph,0 mph,29.98 in,0.0 in,Partly Cloudy
803,2019-07-14,5:50 PM,66 °F,54 °F,64 %,N,8 mph,0 mph,29.98 in,0.0 in,Fair
804,2019-07-14,6:20 PM,63 °F,54 °F,72 %,NNE,10 mph,0 mph,29.98 in,0.0 in,Mostly Cloudy
805,2019-07-14,6:50 PM,64 °F,54 °F,68 %,NNE,6 mph,0 mph,29.98 in,0.0 in,Fair
806,2019-07-14,7:20 PM,64 °F,54 °F,68 %,NE,6 mph,0 mph,29.98 in,0.0 in,Fair
807,2019-07-14,7:50 PM,63 °F,54 °F,72 %,NNE,7 mph,0 mph,29.98 in,0.0 in,Partly Cloudy
808,2019-07-14,8:20 PM,63 °F,54 °F,72 %,NNE,8 mph,0 mph,29.98 in,0.0 in,Partly Cloudy
809,2019-07-14,8:50 PM,63 °F,54 °F,72 %,N,6 mph,0 mph,29.98 in,0.0 in,Fair
810,2019-07-14,9:20 PM,63 °F,54 °F,72 %,N,8 mph,0 mph,29.98 in,0.0 in,Fair
811,2019-07-14,9:50 PM,61 °F,54 °F,77 %,NNE,9 mph,0 mph,30.01 in,0.0 in,Fair
812,2019-07-14,10:20 PM,59 °F,54 °F,82 %,N,7 mph,0 mph,30.01 in,0.0 in,Fair
813,2019-07-14,10:50 PM,59 °F,52 °F,77 %,N,6 mph,0 mph,30.01 in,0.0 in,Partly Cloudy
814,2019-07-14,11:20 PM,59 °F,52 °F,77 %,N,6 mph,0 mph,30.01 in,0.0 in,Partly Cloudy
815,2019-07-14,11:50 PM,57 °F,52 °F,82 %,N,7 mph,0 mph,30.01 in,0.0 in,Fair
816,2019-07-15,12:20 AM,54 °F,50 °F,88 %,N,5 mph,0 mph,30.01 in,0.0 in,Fair
817,2019-07-15,12:50 AM,54 °F,50 °F,88 %,N,5 mph,0 mph,30.01 in,0.0 in,Fair
818,2019-07-15,1:20 AM,52 °F,50 °F,94 %,N,5 mph,0 mph,30.01 in,0.0 in,Fair
819,2019-07-15,1:50 AM,52 °F,50 °F,94 %,VAR,2 mph,0 mph,30.01 in,0.0 in,Fair
820,2019-07-15,2:20 AM,52 °F,48 °F,88 %,N,5 mph,0 mph,30.01 in,0.0 in,Fair
821,2019-07-15,2:50 AM,52 °F,48 °F,88 %,N,3 mph,0 mph,30.01 in,0.0 in,Fair
822,2019-07-15,3:20 AM,50 °F,48 °F,94 %,NNW,2 mph,0 mph,30.01 in,0.0 in,Fair
823,2019-07-15,3:50 AM,50 °F,48 °F,94 %,VAR,2 mph,0 mph,29.98 in,0.0 in,Fair
824,2019-07-15,4:20 AM,50 °F,48 °F,94 %,CALM,0 mph,0 mph,29.98 in,0.0 in,Mostly Cloudy
825,2019-07-15,4:50 AM,52 °F,50 °F,94 %,CALM,0 mph,0 mph,29.98 in,0.0 in,Mostly Cloudy
826,2019-07-15,5:20 AM,52 °F,50 °F,94 %,VAR,1 mph,0 mph,29.98 in,0.0 in,Mostly Cloudy
827,2019-07-15,5:50 AM,50 °F,48 °F,94 %,VAR,1 mph,0 mph,29.98 in,0.0 in,Mostly Cloudy
828,2019-07-15,6:20 AM,52 °F,50 °F,94 %,VAR,1 mph,0 mph,29.98 in,0.0 in,Mostly Cloudy
829,2019-07-15,6:50 AM,54 °F,52 °F,94 %,CALM,0 mph,0 mph,29.98 in,0.0 in,Mostly Cloudy
830,2019-07-15,7:20 AM,55 °F,50 °F,82 %,CALM,0 mph,0 mph,29.98 in,0.0 in,Mostly Cloudy
831,2019-07-15,7:50 AM,55 °F,52 °F,88 %,VAR,2 mph,0 mph,30.01 in,0.0 in,Mostly Cloudy
832,2019-07-15,8:20 AM,55 °F,52 °F,88 %,VAR,2 mph,0 mph,30.01 in,0.0 in,Mostly Cloudy
833,2019-07-15,8:50 AM,57 °F,50 °F,77 %,VAR,1 mph,0 mph,30.01 in,0.0 in,Mostly Cloudy
834,2019-07-15,9:20 AM,59 °F,50 °F,72 %,CALM,0 mph,0 mph,30.01 in,0.0 in,Mostly Cloudy
835,2019-07-15,9:50 AM,59 °F,50 °F,72 %,N,3 mph,0 mph,30.01 in,0.0 in,Mostly Cloudy
836,2019-07-15,10:20 AM,59 °F,50 °F,72 %,N,3 mph,0 mph,30.01 in,0.0 in,Mostly Cloudy
837,2019-07-15,10:50 AM,59 °F,48 °F,67 %,VAR,2 mph,0 mph,30.01 in,0.0 in,Mostly Cloudy
838,2019-07-15,11:20 AM,59 °F,50 °F,72 %,VAR,2 mph,0 mph,30.01 in,0.0 in,Mostly Cloudy
839,2019-07-15,11:50 AM,59 °F,52 °F,77 %,NNW,5 mph,0 mph,30.01 in,0.0 in,Mostly Cloudy
840,2019-07-15,12:20 PM,59 °F,50 °F,72 %,NNW,6 mph,0 mph,30.01 in,0.0 in,Mostly Cloudy
841,2019-07-15,12:50 PM,61 °F,50 °F,68 %,N,5 mph,0 mph,30.01 in,0.0 in,Mostly Cloudy
842,2019-07-15,1:20 PM,61 °F,52 °F,72 %,VAR,2 mph,0 mph,30.01 in,0.0 in,Mostly Cloudy
843,2019-07-15,1:50 PM,59 °F,50 °F,72 %,NNW,8 mph,0 mph,30.01 in,0.0 in,Mostly Cloudy
844,2019-07-15,2:20 PM,61 °F,52 °F,72 %,N,9 mph,0 mph,30.01 in,0.0 in,Mostly Cloudy
845,2019-07-15,2:50 PM,61 °F,52 °F,72 %,NNE,6 mph,0 mph,30.01 in,0.0 in,Mostly Cloudy
846,2019-07-15,3:20 PM,63 °F,50 °F,63 %,N,5 mph,0 mph,30.01 in,0.0 in,Mostly Cloudy
847,2019-07-15,3:50 PM,63 °F,50 °F,63 %,N,7 mph,0 mph,30.01 in,0.0 in,Mostly Cloudy
848,2019-07-15,4:20 PM,63 °F,52 °F,68 %,NNE,5 mph,0 mph,30.01 in,0.0 in,Mostly Cloudy
849,2019-07-15,4:50 PM,63 °F,50 °F,63 %,N,5 mph,0 mph,30.01 in,0.0 in,Mostly Cloudy
850,2019-07-15,5:20 PM,64 °F,50 °F,59 %,N,3 mph,0 mph,30.01 in,0.0 in,Mostly Cloudy
851,2019-07-15,5:50 PM,63 °F,50 °F,63 %,NNW,5 mph,0 mph,30.01 in,0.0 in,Mostly Cloudy
852,2019-07-15,6:20 PM,63 °F,52 °F,68 %,N,7 mph,0 mph,29.98 in,0.0 in,Mostly Cloudy
853,2019-07-15,6:50 PM,63 °F,52 °F,68 %,NNW,8 mph,0 mph,29.98 in,0.0 in,Mostly Cloudy
854,2019-07-15,7:20 PM,63 °F,52 °F,68 %,N,8 mph,0 mph,29.98 in,0.0 in,Mostly Cloudy
855,2019-07-15,7:50 PM,63 °F,52 °F,68 %,N,8 mph,0 mph,29.98 in,0.0 in,Mostly Cloudy
856,2019-07-15,8:20 PM,61 °F,52 °F,72 %,N,6 mph,0 mph,29.98 in,0.0 in,Mostly Cloudy
857,2019-07-15,8:50 PM,61 °F,52 °F,72 %,NNW,6 mph,0 mph,29.98 in,0.0 in,Mostly Cloudy
858,2019-07-15,9:20 PM,61 °F,54 °F,77 %,NNW,6 mph,0 mph,29.98 in,0.0 in,Mostly Cloudy
859,2019-07-15,9:50 PM,59 °F,54 °F,82 %,NNW,5 mph,0 mph,29.98 in,0.0 in,Mostly Cloudy
860,2019-07-15,10:20 PM,59 °F,52 °F,77 %,N,3 mph,0 mph,29.98 in,0.0 in,Mostly Cloudy
861,2019-07-15,10:50 PM,59 °F,54 °F,82 %,NNW,3 mph,0 mph,29.98 in,0.0 in,Mostly Cloudy
862,2019-07-15,11:20 PM,57 °F,54 °F,88 %,N,2 mph,0 mph,29.98 in,0.0 in,Mostly Cloudy
863,2019-07-15,11:50 PM,57 °F,54 °F,88 %,N,3 mph,0 mph,29.98 in,0.0 in,Mostly Cloudy
864,2019-07-16,12:20 AM,55 °F,52 °F,88 %,N,3 mph,0 mph,29.98 in,0.0 in,Mostly Cloudy
865,2019-07-16,12:50 AM,54 °F,52 °F,94 %,N,2 mph,0 mph,29.98 in,0.0 in,Fair
866,2019-07-16,1:20 AM,52 °F,50 °F,94 %,VAR,1 mph,0 mph,29.98 in,0.0 in,Fair
867,2019-07-16,1:50 AM,52 °F,50 °F,94 %,CALM,0 mph,0 mph,29.98 in,0.0 in,Partly Cloudy
868,2019-07-16,2:20 AM,52 °F,50 °F,94 %,CALM,0 mph,0 mph,29.98 in,0.0 in,Partly Cloudy
869,2019-07-16,2:50 AM,52 °F,50 °F,94 %,W,2 mph,0 mph,29.98 in,0.0 in,Partly Cloudy
870,2019-07-16,3:20 AM,52 °F,50 °F,94 %,S,1 mph,0 mph,29.98 in,0.0 in,Partly Cloudy
871,2019-07-16,3:50 AM,54 °F,52 °F,94 %,SSW,2 mph,0 mph,29.98 in,0.0 in,Partly Cloudy
872,2019-07-16,4:20 AM,54 °F,52 °F,94 %,SSW,2 mph,0 mph,29.98 in,0.0 in,Mostly Cloudy
873,2019-07-16,4:50 AM,54 °F,52 °F,94 %,S,2 mph,0 mph,29.98 in,0.0 in,Mostly Cloudy
874,2019-07-16,5:20 AM,54 °F,52 °F,94 %,VAR,2 mph,0 mph,29.98 in,0.0 in,Mostly Cloudy
875,2019-07-16,5:50 AM,54 °F,52 °F,94 %,SSW,3 mph,0 mph,29.98 in,0.0 in,Mostly Cloudy
876,2019-07-16,6:20 AM,54 °F,52 °F,94 %,VAR,1 mph,0 mph,29.98 in,0.0 in,Mostly Cloudy
877,2019-07-16,6:50 AM,55 °F,54 °F,94 %,S,2 mph,0 mph,29.98 in,0.0 in,Mostly Cloudy
878,2019-07-16,7:20 AM,55 °F,54 °F,94 %,VAR,1 mph,0 mph,29.98 in,0.0 in,Mostly Cloudy
879,2019-07-16,7:50 AM,57 °F,54 °F,88 %,SSW,1 mph,0 mph,29.98 in,0.0 in,Mostly Cloudy
880,2019-07-16,8:20 AM,57 °F,52 °F,82 %,VAR,1 mph,0 mph,29.98 in,0.0 in,Mostly Cloudy
881,2019-07-16,8:50 AM,57 °F,52 °F,82 %,NW,5 mph,0 mph,29.98 in,0.0 in,Mostly Cloudy
882,2019-07-16,9:20 AM,59 °F,50 °F,72 %,NW,5 mph,0 mph,29.98 in,0.0 in,Mostly Cloudy
883,2019-07-16,9:50 AM,59 °F,50 °F,72 %,NW,6 mph,0 mph,29.98 in,0.0 in,Mostly Cloudy
884,2019-07-16,10:20 AM,59 °F,48 °F,67 %,NW,5 mph,0 mph,29.98 in,0.0 in,Mostly Cloudy
885,2019-07-16,10:50 AM,59 °F,48 °F,67 %,NW,6 mph,0 mph,29.98 in,0.0 in,Mostly Cloudy
886,2019-07-16,11:20 AM,61 °F,50 °F,68 %,WNW,5 mph,0 mph,29.98 in,0.0 in,Mostly Cloudy
887,2019-07-16,11:50 AM,61 °F,50 °F,68 %,VAR,2 mph,0 mph,29.98 in,0.0 in,Mostly Cloudy
888,2019-07-16,12:20 PM,61 °F,48 °F,63 %,W,5 mph,0 mph,29.98 in,0.0 in,Mostly Cloudy
889,2019-07-16,12:50 PM,61 °F,50 °F,68 %,VAR,1 mph,0 mph,29.98 in,0.0 in,Mostly Cloudy
890,2019-07-16,1:20 PM,63 °F,50 °F,63 %,VAR,2 mph,0 mph,29.98 in,0.0 in,Mostly Cloudy
891,2019-07-16,1:50 PM,64 °F,50 °F,59 %,VAR,1 mph,0 mph,29.98 in,0.0 in,Mostly Cloudy
892,2019-07-16,2:20 PM,66 °F,50 °F,56 %,N,6 mph,0 mph,29.95 in,0.0 in,Partly Cloudy
893,2019-07-16,2:50 PM,66 °F,48 °F,52 %,VAR,2 mph,0 mph,29.95 in,0.0 in,Partly Cloudy
894,2019-07-16,3:20 PM,68 °F,50 °F,52 %,VAR,2 mph,0 mph,29.95 in,0.0 in,Partly Cloudy
895,2019-07-16,3:50 PM,68 °F,52 °F,56 %,W,3 mph,0 mph,29.95 in,0.0 in,Partly Cloudy
896,2019-07-16,4:20 PM,68 °F,50 °F,52 %,NNW,5 mph,0 mph,29.95 in,0.0 in,Partly Cloudy
897,2019-07-16,4:50 PM,68 °F,50 °F,52 %,N,6 mph,0 mph,29.95 in,0.0 in,Fair
898,2019-07-16,5:20 PM,68 °F,50 °F,52 %,N,3 mph,0 mph,29.95 in,0.0 in,Fair
899,2019-07-16,5:50 PM,68 °F,50 °F,52 %,NNW,5 mph,0 mph,29.92 in,0.0 in,Fair
900,2019-07-16,6:20 PM,68 °F,50 °F,52 %,NW,5 mph,0 mph,29.92 in,0.0 in,Fair
901,2019-07-16,6:50 PM,68 °F,50 °F,52 %,NW,6 mph,0 mph,29.92 in,0.0 in,Fair
902,2019-07-16,7:20 PM,68 °F,52 °F,56 %,N,5 mph,0 mph,29.92 in,0.0 in,Fair
903,2019-07-16,7:50 PM,68 °F,52 °F,56 %,NNW,5 mph,0 mph,29.92 in,0.0 in,Fair
904,2019-07-16,8:20 PM,66 °F,52 °F,60 %,NW,5 mph,0 mph,29.92 in,0.0 in,Fair
905,2019-07-16,8:50 PM,64 °F,52 °F,64 %,NNW,5 mph,0 mph,29.92 in,0.0 in,Fair
906,2019-07-16,9:20 PM,63 °F,54 °F,72 %,VAR,2 mph,0 mph,29.92 in,0.0 in,Fair
907,2019-07-16,9:50 PM,61 °F,54 °F,77 %,VAR,2 mph,0 mph,29.92 in,0.0 in,Fair
908,2019-07-16,10:20 PM,59 °F,50 °F,72 %,NNE,2 mph,0 mph,29.92 in,0.0 in,Fair
909,2019-07-16,10:50 PM,59 °F,54 °F,82 %,VAR,1 mph,0 mph,29.92 in,0.0 in,Fair
910,2019-07-16,11:20 PM,55 °F,52 °F,88 %,CALM,0 mph,0 mph,29.92 in,0.0 in,Fair
911,2019-07-16,11:50 PM,54 °F,52 °F,94 %,CALM,0 mph,0 mph,29.89 in,0.0 in,Fair
912,2019-07-17,12:20 AM,54 °F,52 °F,94 %,VAR,1 mph,0 mph,29.89 in,0.0 in,Fair
913,2019-07-17,12:50 AM,54 °F,50 °F,88 %,VAR,1 mph,0 mph,29.89 in,0.0 in,Fair
914,2019-07-17,1:20 AM,54 °F,50 °F,88 %,NW,2 mph,0 mph,29.89 in,0.0 in,Fair
915,2019-07-17,1:50 AM,55 °F,50 °F,82 %,NW,1 mph,0 mph,29.89 in,0.0 in,Fair
916,2019-07-17,2:20 AM,52 °F,50 °F,94 %,CALM,0 mph,0 mph,29.89 in,0.0 in,Fair
917,2019-07-17,2:50 AM,54 °F,50 °F,88 %,NW,2 mph,0 mph,29.89 in,0.0 in,Fair
918,2019-07-17,3:20 AM,54 °F,52 °F,94 %,NNW,1 mph,0 mph,29.89 in,0.0 in,Fair
919,2019-07-17,3:50 AM,50 °F,50 °F,100 %,CALM,0 mph,0 mph,29.89 in,0.0 in,Fair
920,2019-07-17,4:20 AM,50 °F,50 °F,100 %,VAR,1 mph,0 mph,29.86 in,0.0 in,Fair
921,2019-07-17,4:50 AM,50 °F,50 °F,100 %,CALM,0 mph,0 mph,29.86 in,0.0 in,Fair
922,2019-07-17,5:20 AM,50 °F,50 °F,100 %,CALM,0 mph,0 mph,29.86 in,0.0 in,Mist
923,2019-07-17,5:50 AM,48 °F,48 °F,100 %,CALM,0 mph,0 mph,29.86 in,0.0 in,Mist
924,2019-07-17,6:20 AM,48 °F,48 °F,100 %,CALM,0 mph,0 mph,29.86 in,0.0 in,Mist
925,2019-07-17,6:50 AM,50 °F,50 °F,100 %,S,1 mph,0 mph,29.86 in,0.0 in,Mist
926,2019-07-17,7:20 AM,54 °F,54 °F,100 %,CALM,0 mph,0 mph,29.86 in,0.0 in,Mist
927,2019-07-17,7:50 AM,57 °F,55 °F,94 %,CALM,0 mph,0 mph,29.86 in,0.0 in,Fair
928,2019-07-17,8:20 AM,63 °F,59 °F,88 %,CALM,0 mph,0 mph,29.86 in,0.0 in,Fair
929,2019-07-17,8:50 AM,63 °F,55 °F,77 %,VAR,1 mph,0 mph,29.86 in,0.0 in,Fair
930,2019-07-17,9:20 AM,64 °F,55 °F,73 %,VAR,2 mph,0 mph,29.86 in,0.0 in,Fair
931,2019-07-17,9:50 AM,66 °F,55 °F,68 %,VAR,1 mph,0 mph,29.89 in,0.0 in,Fair
932,2019-07-17,10:20 AM,66 °F,54 °F,64 %,VAR,2 mph,0 mph,29.86 in,0.0 in,Fair
933,2019-07-17,10:50 AM,66 °F,55 °F,68 %,CALM,0 mph,0 mph,29.86 in,0.0 in,Fair
934,2019-07-17,11:20 AM,68 °F,54 °F,60 %,VAR,2 mph,0 mph,29.86 in,0.0 in,Fair
935,2019-07-17,11:50 AM,70 °F,55 °F,60 %,VAR,1 mph,0 mph,29.86 in,0.0 in,Fair
936,2019-07-17,12:20 PM,70 °F,54 °F,56 %,VAR,2 mph,0 mph,29.86 in,0.0 in,Fair
937,2019-07-17,12:50 PM,72 °F,54 °F,53 %,VAR,1 mph,0 mph,29.86 in,0.0 in,Fair
938,2019-07-17,1:20 PM,73 °F,54 °F,50 %,VAR,1 mph,0 mph,29.86 in,0.0 in,Fair
939,2019-07-17,1:50 PM,72 °F,52 °F,50 %,N,5 mph,0 mph,29.86 in,0.0 in,Fair
940,2019-07-17,2:20 PM,73 °F,52 °F,47 %,E,6 mph,0 mph,29.83 in,0.0 in,Fair
941,2019-07-17,2:50 PM,73 °F,52 °F,47 %,CALM,0 mph,0 mph,29.83 in,0.0 in,Fair
942,2019-07-17,3:20 PM,75 °F,52 °F,44 %,VAR,2 mph,0 mph,29.83 in,0.0 in,Fair
943,2019-07-17,3:50 PM,75 °F,54 °F,47 %,VAR,2 mph,0 mph,29.83 in,0.0 in,Fair
944,2019-07-17,4:20 PM,77 °F,54 °F,44 %,VAR,3 mph,0 mph,29.83 in,0.0 in,Fair
945,2019-07-17,4:50 PM,73 °F,52 °F,47 %,NE,5 mph,0 mph,29.81 in,0.0 in,Fair
946,2019-07-17,5:20 PM,75 °F,54 °F,47 %,VAR,2 mph,0 mph,29.81 in,0.0 in,Fair
947,2019-07-17,5:50 PM,75 °F,50 °F,41 %,N,5 mph,0 mph,29.81 in,0.0 in,Fair
948,2019-07-17,6:20 PM,75 °F,55 °F,50 %,ENE,3 mph,0 mph,29.81 in,0.0 in,Fair
949,2019-07-17,6:50 PM,75 °F,54 °F,47 %,ENE,3 mph,0 mph,29.78 in,0.0 in,Fair
950,2019-07-17,7:20 PM,73 °F,54 °F,50 %,ENE,3 mph,0 mph,29.78 in,0.0 in,Fair
951,2019-07-17,7:50 PM,73 °F,55 °F,53 %,ENE,2 mph,0 mph,29.78 in,0.0 in,Fair
952,2019-07-17,8:20 PM,72 °F,55 °F,57 %,E,3 mph,0 mph,29.78 in,0.0 in,Fair
953,2019-07-17,8:50 PM,72 °F,55 °F,57 %,SE,5 mph,0 mph,29.78 in,0.0 in,Fair
954,2019-07-17,9:20 PM,68 °F,57 °F,68 %,SE,2 mph,0 mph,29.78 in,0.0 in,Fair
955,2019-07-17,9:50 PM,64 °F,57 °F,77 %,SE,3 mph,0 mph,29.78 in,0.0 in,Fair
956,2019-07-17,10:20 PM,64 °F,57 °F,77 %,SE,3 mph,0 mph,29.78 in,0.0 in,Fair
957,2019-07-17,10:50 PM,63 °F,57 °F,82 %,SE,5 mph,0 mph,29.78 in,0.0 in,Fair
958,2019-07-17,11:20 PM,64 °F,55 °F,73 %,SE,5 mph,0 mph,29.78 in,0.0 in,Fair
959,2019-07-17,11:50 PM,64 °F,54 °F,68 %,SE,5 mph,0 mph,29.75 in,0.0 in,Fair
960,2019-07-18,12:20 AM,64 °F,55 °F,73 %,SE,6 mph,0 mph,29.75 in,0.0 in,Fair
961,2019-07-18,12:50 AM,64 °F,54 °F,68 %,SE,6 mph,0 mph,29.75 in,0.0 in,Fair
962,2019-07-18,1:20 AM,66 °F,54 °F,64 %,SSE,7 mph,0 mph,29.75 in,0.0 in,Fair
963,2019-07-18,1:50 AM,64 °F,54 °F,68 %,SSE,7 mph,0 mph,29.75 in,0.0 in,Fair
964,2019-07-18,2:20 AM,64 °F,54 °F,68 %,S,6 mph,0 mph,29.75 in,0.0 in,Fair
965,2019-07-18,2:50 AM,63 °F,54 °F,72 %,SSE,6 mph,0 mph,29.75 in,0.0 in,Fair
966,2019-07-18,3:20 AM,63 °F,54 °F,72 %,S,6 mph,0 mph,29.75 in,0.0 in,Fair
967,2019-07-18,3:50 AM,63 °F,54 °F,72 %,S,6 mph,0 mph,29.72 in,0.0 in,Fair
968,2019-07-18,4:20 AM,59 °F,54 °F,82 %,SSW,5 mph,0 mph,29.72 in,0.0 in,Fair
969,2019-07-18,4:50 AM,59 °F,54 °F,82 %,S,5 mph,0 mph,29.72 in,0.0 in,Fair
970,2019-07-18,5:20 AM,61 °F,54 °F,77 %,S,6 mph,0 mph,29.72 in,0.0 in,Fair
971,2019-07-18,5:50 AM,59 °F,54 °F,82 %,SW,6 mph,0 mph,29.72 in,0.0 in,Fair
972,2019-07-18,6:20 AM,61 °F,54 °F,77 %,W,7 mph,0 mph,29.72 in,0.0 in,Fair
973,2019-07-18,6:50 AM,61 °F,55 °F,82 %,WSW,6 mph,0 mph,29.72 in,0.0 in,Fair
974,2019-07-18,7:20 AM,61 °F,52 °F,72 %,WSW,6 mph,0 mph,29.72 in,0.0 in,Fair
975,2019-07-18,7:50 AM,61 °F,52 °F,72 %,WSW,6 mph,0 mph,29.75 in,0.0 in,Fair
976,2019-07-18,8:20 AM,64 °F,52 °F,64 %,WSW,6 mph,0 mph,29.75 in,0.0 in,Fair
977,2019-07-18,8:50 AM,64 °F,54 °F,68 %,WSW,7 mph,0 mph,29.75 in,0.0 in,Fair
978,2019-07-18,9:20 AM,64 °F,54 °F,68 %,WSW,9 mph,0 mph,29.75 in,0.0 in,Fair
979,2019-07-18,9:50 AM,66 °F,54 °F,64 %,WSW,7 mph,0 mph,29.75 in,0.0 in,Fair
980,2019-07-18,10:20 AM,68 °F,54 °F,60 %,WSW,8 mph,0 mph,29.75 in,0.0 in,Fair
981,2019-07-18,10:50 AM,66 °F,54 °F,64 %,SW,10 mph,0 mph,29.75 in,0.0 in,Fair
982,2019-07-18,11:20 AM,70 °F,54 °F,56 %,WSW,10 mph,0 mph,29.75 in,0.0 in,Fair
983,2019-07-18,11:50 AM,68 °F,54 °F,60 %,WSW,9 mph,0 mph,29.75 in,0.0 in,Fair
984,2019-07-18,12:20 PM,70 °F,54 °F,56 %,WSW,9 mph,0 mph,29.75 in,0.0 in,Fair
985,2019-07-18,12:50 PM,70 °F,54 °F,56 %,WSW,12 mph,0 mph,29.75 in,0.0 in,Fair
986,2019-07-18,1:20 PM,70 °F,54 °F,56 %,SW,9 mph,0 mph,29.75 in,0.0 in,Fair
987,2019-07-18,1:50 PM,70 °F,54 °F,56 %,W,9 mph,0 mph,29.75 in,0.0 in,Fair
988,2019-07-18,2:20 PM,72 °F,54 °F,53 %,SW,8 mph,0 mph,29.75 in,0.0 in,Fair
989,2019-07-18,2:50 PM,72 °F,55 °F,57 %,SW,7 mph,0 mph,29.75 in,0.0 in,Partly Cloudy
990,2019-07-18,3:20 PM,73 °F,54 °F,50 %,WSW,10 mph,0 mph,29.75 in,0.0 in,Mostly Cloudy
991,2019-07-18,3:50 PM,72 °F,55 °F,57 %,WSW,12 mph,0 mph,29.75 in,0.0 in,Mostly Cloudy
992,2019-07-18,4:20 PM,72 °F,55 °F,57 %,WSW,9 mph,0 mph,29.75 in,0.0 in,Partly Cloudy
993,2019-07-18,4:50 PM,73 °F,57 °F,57 %,WSW,9 mph,0 mph,29.75 in,0.0 in,Mostly Cloudy
994,2019-07-18,5:20 PM,72 °F,55 °F,57 %,WSW,12 mph,0 mph,29.75 in,0.0 in,Mostly Cloudy
995,2019-07-18,5:50 PM,72 °F,55 °F,57 %,WSW,12 mph,0 mph,29.75 in,0.0 in,Mostly Cloudy
996,2019-07-18,6:20 PM,70 °F,57 °F,64 %,W,15 mph,0 mph,29.75 in,0.0 in,Mostly Cloudy
997,2019-07-18,6:50 PM,68 °F,57 °F,68 %,W,14 mph,0 mph,29.75 in,0.0 in,Mostly Cloudy
998,2019-07-18,7:20 PM,68 °F,59 °F,73 %,WSW,10 mph,0 mph,29.75 in,0.0 in,Fair
999,2019-07-18,7:50 PM,68 °F,57 °F,68 %,WSW,12 mph,0 mph,29.75 in,0.0 in,Fair
1000,2019-07-18,8:20 PM,68 °F,57 °F,68 %,WSW,7 mph,0 mph,29.75 in,0.0 in,Mostly Cloudy
1001,2019-07-18,8:50 PM,68 °F,57 °F,68 %,WSW,9 mph,0 mph,29.75 in,0.0 in,Mostly Cloudy
1002,2019-07-18,9:20 PM,68 °F,59 °F,73 %,SW,6 mph,0 mph,29.75 in,0.0 in,Fair
1003,2019-07-18,9:50 PM,66 °F,59 °F,78 %,SW,5 mph,0 mph,29.78 in,0.0 in,Fair
1004,2019-07-18,10:20 PM,66 °F,59 °F,78 %,SSW,6 mph,0 mph,29.78 in,0.0 in,Fair
1005,2019-07-18,10:50 PM,64 °F,59 °F,83 %,SW,5 mph,0 mph,29.78 in,0.0 in,Fair
1006,2019-07-18,11:20 PM,64 °F,59 °F,83 %,SW,6 mph,0 mph,29.78 in,0.0 in,Fair
1007,2019-07-18,11:50 PM,64 °F,57 °F,77 %,SW,5 mph,0 mph,29.78 in,0.0 in,Fair
1008,2019-07-19,12:20 AM,64 °F,57 °F,77 %,SW,6 mph,0 mph,29.78 in,0.0 in,Fair
1009,2019-07-19,12:50 AM,64 °F,57 °F,77 %,WSW,7 mph,0 mph,29.78 in,0.0 in,Fair
1010,2019-07-19,1:20 AM,64 °F,59 °F,83 %,WSW,8 mph,0 mph,29.78 in,0.0 in,Fair
1011,2019-07-19,1:50 AM,64 °F,57 °F,77 %,WSW,9 mph,0 mph,29.78 in,0.0 in,Fair
1012,2019-07-19,2:20 AM,64 °F,57 °F,77 %,WSW,8 mph,0 mph,29.78 in,0.0 in,Fair
1013,2019-07-19,2:50 AM,63 °F,55 °F,77 %,WSW,8 mph,0 mph,29.78 in,0.0 in,Fair
1014,2019-07-19,3:20 AM,63 °F,55 °F,77 %,WSW,8 mph,0 mph,29.78 in,0.0 in,Fair
1015,2019-07-19,3:50 AM,63 °F,55 °F,77 %,WSW,7 mph,0 mph,29.78 in,0.0 in,Fair
1016,2019-07-19,4:20 AM,61 °F,55 °F,82 %,WSW,7 mph,0 mph,29.78 in,0.0 in,Fair
1017,2019-07-19,4:50 AM,61 °F,55 °F,82 %,SW,6 mph,0 mph,29.78 in,0.0 in,Mostly Cloudy
1018,2019-07-19,5:20 AM,61 °F,54 °F,77 %,WSW,7 mph,0 mph,29.78 in,0.0 in,Fair
1019,2019-07-19,5:50 AM,59 °F,54 °F,82 %,SW,5 mph,0 mph,29.78 in,0.0 in,Partly Cloudy
1020,2019-07-19,6:20 AM,61 °F,55 °F,82 %,WSW,8 mph,0 mph,29.81 in,0.0 in,Fair
1021,2019-07-19,6:50 AM,61 °F,55 °F,82 %,WSW,7 mph,0 mph,29.81 in,0.0 in,Fair
1022,2019-07-19,7:20 AM,61 °F,55 °F,82 %,WSW,6 mph,0 mph,29.81 in,0.0 in,Fair
1023,2019-07-19,7:50 AM,61 °F,55 °F,82 %,WSW,8 mph,0 mph,29.81 in,0.0 in,Fair
1024,2019-07-19,8:20 AM,63 °F,55 °F,77 %,WSW,7 mph,0 mph,29.81 in,0.0 in,Fair
1025,2019-07-19,8:50 AM,63 °F,55 °F,77 %,SW,6 mph,0 mph,29.81 in,0.0 in,Fair
1026,2019-07-19,9:20 AM,64 °F,55 °F,73 %,WSW,6 mph,0 mph,29.81 in,0.0 in,Fair
1027,2019-07-19,9:50 AM,66 °F,57 °F,73 %,SW,7 mph,0 mph,29.83 in,0.0 in,Fair
1028,2019-07-19,10:20 AM,66 °F,55 °F,68 %,WSW,6 mph,0 mph,29.83 in,0.0 in,Fair
1029,2019-07-19,10:50 AM,68 °F,55 °F,64 %,WSW,7 mph,0 mph,29.83 in,0.0 in,Fair
1030,2019-07-19,11:20 AM,70 °F,55 °F,60 %,SW,7 mph,0 mph,29.83 in,0.0 in,Fair
1031,2019-07-19,11:50 AM,72 °F,55 °F,57 %,SW,8 mph,0 mph,29.81 in,0.0 in,Fair
1032,2019-07-19,12:20 PM,72 °F,54 °F,53 %,WSW,9 mph,0 mph,29.83 in,0.0 in,Fair
1033,2019-07-19,12:50 PM,72 °F,54 °F,53 %,SW,8 mph,0 mph,29.81 in,0.0 in,Fair
1034,2019-07-19,1:20 PM,72 °F,54 °F,53 %,SW,9 mph,0 mph,29.83 in,0.0 in,Partly Cloudy
1035,2019-07-19,1:50 PM,72 °F,52 °F,50 %,SW,9 mph,0 mph,29.83 in,0.0 in,Partly Cloudy
1036,2019-07-19,2:20 PM,73 °F,52 °F,47 %,SW,7 mph,0 mph,29.81 in,0.0 in,Partly Cloudy
1037,2019-07-19,2:50 PM,73 °F,54 °F,50 %,SW,7 mph,0 mph,29.83 in,0.0 in,Partly Cloudy
1038,2019-07-19,3:20 PM,73 °F,52 °F,47 %,SW,9 mph,0 mph,29.81 in,0.0 in,Partly Cloudy
1039,2019-07-19,3:50 PM,73 °F,52 °F,47 %,SW,7 mph,0 mph,29.81 in,0.0 in,Partly Cloudy
1040,2019-07-19,4:20 PM,75 °F,54 °F,47 %,SW,7 mph,0 mph,29.81 in,0.0 in,Fair
1041,2019-07-19,4:50 PM,75 °F,52 °F,44 %,SSW,8 mph,0 mph,29.81 in,0.0 in,Fair
1042,2019-07-19,5:20 PM,75 °F,52 °F,44 %,SW,9 mph,0 mph,29.81 in,0.0 in,Fair
1043,2019-07-19,5:50 PM,75 °F,54 °F,47 %,SW,7 mph,0 mph,29.81 in,0.0 in,Fair
1044,2019-07-19,6:20 PM,75 °F,54 °F,47 %,SW,6 mph,0 mph,29.78 in,0.0 in,Fair
1045,2019-07-19,6:50 PM,75 °F,54 °F,47 %,SW,8 mph,0 mph,29.78 in,0.0 in,Fair
1046,2019-07-19,7:20 PM,75 °F,54 °F,47 %,SSW,8 mph,0 mph,29.78 in,0.0 in,Fair
1047,2019-07-19,7:50 PM,73 °F,54 °F,50 %,SSW,7 mph,0 mph,29.78 in,0.0 in,Fair
1048,2019-07-19,8:20 PM,73 °F,55 °F,53 %,SSW,5 mph,0 mph,29.78 in,0.0 in,Fair
1049,2019-07-19,8:50 PM,72 °F,55 °F,57 %,S,5 mph,0 mph,29.78 in,0.0 in,Fair
1050,2019-07-19,9:20 PM,70 °F,57 °F,64 %,S,5 mph,0 mph,29.78 in,0.0 in,Fair
1051,2019-07-19,9:50 PM,66 °F,57 °F,73 %,SSE,3 mph,0 mph,29.78 in,0.0 in,Fair
1052,2019-07-19,10:20 PM,66 °F,59 °F,78 %,SSE,3 mph,0 mph,29.78 in,0.0 in,Fair
1053,2019-07-19,10:50 PM,66 °F,57 °F,73 %,SSE,6 mph,0 mph,29.75 in,0.0 in,Fair
1054,2019-07-19,11:20 PM,66 °F,57 °F,73 %,S,6 mph,0 mph,29.75 in,0.0 in,Fair
1055,2019-07-19,11:50 PM,68 °F,57 °F,68 %,S,7 mph,0 mph,29.75 in,0.0 in,Fair
1056,2019-07-20,12:20 AM,68 °F,57 °F,68 %,S,8 mph,0 mph,29.75 in,0.0 in,Fair
1057,2019-07-20,12:50 AM,68 °F,57 °F,68 %,S,8 mph,0 mph,29.75 in,0.0 in,Fair
1058,2019-07-20,1:20 AM,66 °F,57 °F,73 %,S,6 mph,0 mph,29.75 in,0.0 in,Fair
1059,2019-07-20,1:50 AM,66 °F,57 °F,73 %,S,8 mph,0 mph,29.72 in,0.0 in,Fair
1060,2019-07-20,2:20 AM,68 °F,57 °F,68 %,S,8 mph,0 mph,29.72 in,0.0 in,Fair
1061,2019-07-20,2:50 AM,66 °F,57 °F,73 %,S,7 mph,0 mph,29.72 in,0.0 in,Fair
1062,2019-07-20,3:20 AM,66 °F,57 °F,73 %,S,9 mph,0 mph,29.72 in,0.0 in,Fair
1063,2019-07-20,3:50 AM,64 °F,57 °F,77 %,S,8 mph,0 mph,29.72 in,0.0 in,Fair
1064,2019-07-20,4:20 AM,64 °F,57 °F,77 %,S,9 mph,0 mph,29.69 in,0.0 in,Fair
1065,2019-07-20,4:50 AM,64 °F,57 °F,77 %,S,12 mph,0 mph,29.69 in,0.0 in,Fair
1066,2019-07-20,5:20 AM,66 °F,57 °F,73 %,S,14 mph,0 mph,29.69 in,0.0 in,Fair
1067,2019-07-20,5:50 AM,66 °F,57 °F,73 %,S,12 mph,0 mph,29.69 in,0.0 in,Fair
1068,2019-07-20,6:20 AM,64 °F,57 °F,77 %,S,10 mph,0 mph,29.66 in,0.0 in,Fair
1069,2019-07-20,6:50 AM,66 °F,57 °F,73 %,S,10 mph,0 mph,29.69 in,0.0 in,Fair
1070,2019-07-20,7:20 AM,66 °F,57 °F,73 %,S,13 mph,0 mph,29.66 in,0.0 in,Fair
1071,2019-07-20,7:50 AM,68 °F,57 °F,68 %,S,12 mph,0 mph,29.66 in,0.0 in,Fair
1072,2019-07-20,8:20 AM,70 °F,57 °F,64 %,S,10 mph,0 mph,29.66 in,0.0 in,Fair
1073,2019-07-20,8:50 AM,70 °F,55 °F,60 %,W,8 mph,22 mph,29.69 in,0.0 in,Fair
1074,2019-07-20,9:20 AM,68 °F,57 °F,68 %,WNW,6 mph,0 mph,29.72 in,0.0 in,Showers in the Vicinity
1075,2019-07-20,9:50 AM,68 °F,57 °F,68 %,NNW,3 mph,0 mph,29.69 in,0.0 in,Fair
1076,2019-07-20,10:20 AM,70 °F,59 °F,68 %,VAR,2 mph,0 mph,29.69 in,0.0 in,Light Rain
1077,2019-07-20,10:50 AM,70 °F,59 °F,68 %,VAR,2 mph,0 mph,29.69 in,0.0 in,Light Rain
1078,2019-07-20,11:20 AM,73 °F,59 °F,61 %,ESE,3 mph,0 mph,29.69 in,0.0 in,Fair
1079,2019-07-20,11:50 AM,73 °F,59 °F,61 %,S,5 mph,0 mph,29.69 in,0.0 in,Light Rain Shower
1080,2019-07-20,12:20 PM,77 °F,59 °F,54 %,S,7 mph,0 mph,29.69 in,0.0 in,Fair
1081,2019-07-20,12:50 PM,77 °F,57 °F,50 %,S,8 mph,0 mph,29.69 in,0.0 in,Fair
1082,2019-07-20,1:20 PM,81 °F,59 °F,48 %,SSW,10 mph,0 mph,29.69 in,0.0 in,Fair
1083,2019-07-20,1:50 PM,81 °F,57 °F,45 %,SW,12 mph,0 mph,29.69 in,0.0 in,Fair
1084,2019-07-20,2:20 PM,79 °F,57 °F,47 %,SW,9 mph,0 mph,29.69 in,0.0 in,Fair
1085,2019-07-20,2:50 PM,73 °F,57 °F,57 %,SSW,7 mph,0 mph,29.69 in,0.0 in,T-Storm
1086,2019-07-20,3:20 PM,64 °F,61 °F,88 %,NNW,7 mph,0 mph,29.69 in,0.0 in,Light Rain with Thunder
1087,2019-07-20,3:50 PM,72 °F,64 °F,78 %,SSW,5 mph,0 mph,29.72 in,0.0 in,Fair
1088,2019-07-20,4:20 PM,73 °F,64 °F,73 %,SSW,7 mph,0 mph,29.72 in,0.0 in,Fair
1089,2019-07-20,4:50 PM,73 °F,64 °F,73 %,SSW,8 mph,0 mph,29.72 in,0.0 in,Fair
1090,2019-07-20,5:20 PM,73 °F,64 °F,73 %,WSW,9 mph,0 mph,29.72 in,0.0 in,Fair
1091,2019-07-20,5:50 PM,73 °F,64 °F,73 %,SW,9 mph,0 mph,29.72 in,0.0 in,Showers in the Vicinity
1092,2019-07-20,6:20 PM,75 °F,64 °F,69 %,SW,12 mph,0 mph,29.72 in,0.0 in,Fair
1093,2019-07-20,6:50 PM,75 °F,63 °F,65 %,SW,9 mph,0 mph,29.75 in,0.0 in,Fair
1094,2019-07-20,7:20 PM,75 °F,57 °F,53 %,WSW,17 mph,0 mph,29.75 in,0.0 in,Fair
1095,2019-07-20,7:50 PM,73 °F,54 °F,50 %,W,20 mph,0 mph,29.75 in,0.0 in,Fair
1096,2019-07-20,8:20 PM,72 °F,54 °F,53 %,WSW,15 mph,0 mph,29.78 in,0.0 in,Fair
1097,2019-07-20,8:50 PM,72 °F,55 °F,57 %,W,14 mph,0 mph,29.78 in,0.0 in,Fair
1098,2019-07-20,9:20 PM,70 °F,55 °F,60 %,WSW,12 mph,0 mph,29.78 in,0.0 in,Fair
1099,2019-07-20,9:50 PM,70 °F,55 °F,60 %,W,14 mph,0 mph,29.81 in,0.0 in,Fair
1100,2019-07-20,10:20 PM,68 °F,55 °F,64 %,WSW,8 mph,0 mph,29.81 in,0.0 in,Fair
1101,2019-07-20,10:50 PM,66 °F,55 °F,68 %,W,9 mph,0 mph,29.83 in,0.0 in,Fair
1102,2019-07-20,11:20 PM,66 °F,55 °F,68 %,W,10 mph,0 mph,29.83 in,0.0 in,Fair
1103,2019-07-20,11:50 PM,66 °F,55 °F,68 %,WSW,9 mph,0 mph,29.83 in,0.0 in,Fair
1104,2019-07-21,12:20 AM,64 °F,55 °F,73 %,WSW,10 mph,0 mph,29.83 in,0.0 in,Fair
1105,2019-07-21,12:50 AM,64 °F,55 °F,73 %,WSW,10 mph,0 mph,29.86 in,0.0 in,Fair
1106,2019-07-21,1:20 AM,63 °F,55 °F,77 %,WSW,9 mph,0 mph,29.86 in,0.0 in,Fair
1107,2019-07-21,1:50 AM,63 °F,55 °F,77 %,WSW,12 mph,0 mph,29.86 in,0.0 in,Fair
1108,2019-07-21,2:20 AM,63 °F,55 °F,77 %,WSW,9 mph,0 mph,29.86 in,0.0 in,Fair
1109,2019-07-21,2:50 AM,63 °F,55 °F,77 %,WSW,12 mph,0 mph,29.86 in,0.0 in,Fair
1110,2019-07-21,3:20 AM,61 °F,55 °F,82 %,WSW,12 mph,0 mph,29.89 in,0.0 in,Fair
1111,2019-07-21,3:50 AM,61 °F,55 °F,82 %,WSW,9 mph,0 mph,29.89 in,0.0 in,Fair
1112,2019-07-21,4:20 AM,59 °F,55 °F,88 %,WSW,8 mph,0 mph,29.89 in,0.0 in,Fair
1113,2019-07-21,4:50 AM,59 °F,55 °F,88 %,WSW,9 mph,0 mph,29.89 in,0.0 in,Fair
1114,2019-07-21,5:20 AM,59 °F,55 °F,88 %,WSW,8 mph,0 mph,29.92 in,0.0 in,Fair
1115,2019-07-21,5:50 AM,59 °F,55 °F,88 %,WSW,8 mph,0 mph,29.92 in,0.0 in,Partly Cloudy
1116,2019-07-21,6:20 AM,59 °F,55 °F,88 %,WSW,7 mph,0 mph,29.92 in,0.0 in,Partly Cloudy
1117,2019-07-21,6:50 AM,59 °F,55 °F,88 %,WSW,6 mph,0 mph,29.95 in,0.0 in,Partly Cloudy
1118,2019-07-21,7:20 AM,59 °F,57 °F,94 %,WSW,6 mph,0 mph,29.95 in,0.0 in,Partly Cloudy
1119,2019-07-21,7:50 AM,61 °F,57 °F,88 %,WSW,7 mph,0 mph,29.95 in,0.0 in,Fair
1120,2019-07-21,8:20 AM,63 °F,57 °F,82 %,WSW,7 mph,0 mph,29.98 in,0.0 in,Fair
1121,2019-07-21,8:50 AM,63 °F,57 °F,82 %,W,7 mph,0 mph,29.98 in,0.0 in,Fair
1122,2019-07-21,9:20 AM,64 °F,57 °F,77 %,WSW,7 mph,0 mph,29.98 in,0.0 in,Fair
1123,2019-07-21,9:50 AM,66 °F,59 °F,78 %,WSW,6 mph,0 mph,30.01 in,0.0 in,Fair
1124,2019-07-21,10:20 AM,68 °F,59 °F,73 %,SW,6 mph,0 mph,30.01 in,0.0 in,Partly Cloudy
1125,2019-07-21,10:50 AM,68 °F,59 °F,73 %,WSW,7 mph,0 mph,30.01 in,0.0 in,Fair
1126,2019-07-21,11:20 AM,70 °F,57 °F,64 %,WSW,8 mph,0 mph,30.01 in,0.0 in,Partly Cloudy
1127,2019-07-21,11:50 AM,70 °F,55 °F,60 %,W,8 mph,0 mph,30.01 in,0.0 in,Partly Cloudy
1128,2019-07-21,12:20 PM,70 °F,55 °F,60 %,WSW,7 mph,0 mph,30.04 in,0.0 in,Partly Cloudy
1129,2019-07-21,12:50 PM,70 °F,54 °F,56 %,WSW,8 mph,0 mph,30.04 in,0.0 in,Partly Cloudy
1130,2019-07-21,1:20 PM,72 °F,54 °F,53 %,WSW,8 mph,0 mph,30.04 in,0.0 in,Fair
1131,2019-07-21,1:50 PM,73 °F,52 °F,47 %,W,9 mph,0 mph,30.04 in,0.0 in,Fair
1132,2019-07-21,2:20 PM,73 °F,54 °F,50 %,WSW,8 mph,0 mph,30.04 in,0.0 in,Fair
1133,2019-07-21,2:50 PM,73 °F,52 °F,47 %,WNW,6 mph,0 mph,30.04 in,0.0 in,Fair
1134,2019-07-21,3:20 PM,75 °F,52 °F,44 %,W,9 mph,0 mph,30.04 in,0.0 in,Fair
1135,2019-07-21,3:50 PM,75 °F,52 °F,44 %,W,8 mph,0 mph,30.04 in,0.0 in,Fair
1136,2019-07-21,4:20 PM,75 °F,50 °F,41 %,W,8 mph,0 mph,30.04 in,0.0 in,Fair
1137,2019-07-21,4:50 PM,75 °F,52 °F,44 %,WNW,9 mph,0 mph,30.04 in,0.0 in,Fair
1138,2019-07-21,5:20 PM,75 °F,52 °F,44 %,WNW,8 mph,0 mph,30.04 in,0.0 in,Fair
1139,2019-07-21,5:50 PM,75 °F,52 °F,44 %,W,7 mph,0 mph,30.04 in,0.0 in,Fair
1140,2019-07-21,6:20 PM,77 °F,52 °F,41 %,W,3 mph,0 mph,30.04 in,0.0 in,Fair
1141,2019-07-21,6:50 PM,75 °F,52 °F,44 %,NW,5 mph,0 mph,30.04 in,0.0 in,Fair
1142,2019-07-21,7:20 PM,75 °F,54 °F,47 %,WSW,5 mph,0 mph,30.04 in,0.0 in,Fair
1143,2019-07-21,7:50 PM,75 °F,54 °F,47 %,W,3 mph,0 mph,30.04 in,0.0 in,Fair
1144,2019-07-21,8:20 PM,72 °F,55 °F,57 %,N,5 mph,0 mph,30.04 in,0.0 in,Fair
1145,2019-07-21,8:50 PM,70 °F,57 °F,64 %,N,3 mph,0 mph,30.07 in,0.0 in,Fair
1146,2019-07-21,9:20 PM,68 °F,57 °F,68 %,VAR,2 mph,0 mph,30.07 in,0.0 in,Fair
1147,2019-07-21,9:50 PM,66 °F,55 °F,68 %,NNW,2 mph,0 mph,30.07 in,0.0 in,Fair
1148,2019-07-21,10:20 PM,64 °F,55 °F,73 %,NNW,3 mph,0 mph,30.07 in,0.0 in,Fair
1149,2019-07-21,10:50 PM,63 °F,57 °F,82 %,N,3 mph,0 mph,30.07 in,0.0 in,Fair
1150,2019-07-21,11:20 PM,63 °F,57 °F,82 %,VAR,1 mph,0 mph,30.07 in,0.0 in,Fair
1151,2019-07-21,11:50 PM,61 °F,57 °F,88 %,CALM,0 mph,0 mph,30.10 in,0.0 in,Fair
1152,2019-07-22,12:20 AM,61 °F,57 °F,88 %,VAR,1 mph,0 mph,30.10 in,0.0 in,Fair
1153,2019-07-22,12:50 AM,61 °F,57 °F,88 %,VAR,2 mph,0 mph,30.10 in,0.0 in,Fair
1154,2019-07-22,1:20 AM,59 °F,57 °F,94 %,SSW,2 mph,0 mph,30.07 in,0.0 in,Fair
1155,2019-07-22,1:50 AM,59 °F,57 °F,94 %,SSW,2 mph,0 mph,30.07 in,0.0 in,Fair
1156,2019-07-22,2:20 AM,61 °F,57 °F,88 %,SSW,5 mph,0 mph,30.07 in,0.0 in,Fair
1157,2019-07-22,2:50 AM,59 °F,57 °F,94 %,S,5 mph,0 mph,30.07 in,0.0 in,Fair
1158,2019-07-22,3:20 AM,61 °F,57 °F,88 %,S,6 mph,0 mph,30.07 in,0.0 in,Fair
1159,2019-07-22,3:50 AM,59 °F,55 °F,88 %,SSW,6 mph,0 mph,30.07 in,0.0 in,Fair
1160,2019-07-22,4:20 AM,59 °F,55 °F,88 %,SW,7 mph,0 mph,30.07 in,0.0 in,Fair
1161,2019-07-22,4:50 AM,59 °F,55 °F,88 %,SSW,6 mph,0 mph,30.07 in,0.0 in,Fair
1162,2019-07-22,5:20 AM,57 °F,54 °F,88 %,SSW,6 mph,0 mph,30.07 in,0.0 in,Fair
1163,2019-07-22,5:50 AM,57 °F,54 °F,88 %,SSW,6 mph,0 mph,30.07 in,0.0 in,Fair
1164,2019-07-22,6:20 AM,57 °F,54 °F,88 %,SSW,6 mph,0 mph,30.07 in,0.0 in,Fair
1165,2019-07-22,6:50 AM,59 °F,54 °F,82 %,SSW,6 mph,0 mph,30.07 in,0.0 in,Fair
1166,2019-07-22,7:20 AM,61 °F,54 °F,77 %,SSW,6 mph,0 mph,30.07 in,0.0 in,Fair
1167,2019-07-22,7:50 AM,63 °F,54 °F,72 %,SW,6 mph,0 mph,30.10 in,0.0 in,Fair
1168,2019-07-22,8:20 AM,66 °F,55 °F,68 %,SW,6 mph,0 mph,30.10 in,0.0 in,Fair
1169,2019-07-22,8:50 AM,68 °F,54 °F,60 %,WSW,10 mph,0 mph,30.10 in,0.0 in,Fair
1170,2019-07-22,9:20 AM,70 °F,54 °F,56 %,WSW,10 mph,0 mph,30.10 in,0.0 in,Fair
1171,2019-07-22,9:50 AM,70 °F,54 °F,56 %,W,10 mph,0 mph,30.10 in,0.0 in,Fair
1172,2019-07-22,10:20 AM,72 °F,55 °F,57 %,WSW,10 mph,0 mph,30.10 in,0.0 in,Fair
1173,2019-07-22,10:50 AM,73 °F,55 °F,53 %,W,9 mph,0 mph,30.10 in,0.0 in,Fair
1174,2019-07-22,11:20 AM,73 °F,57 °F,57 %,WSW,9 mph,0 mph,30.10 in,0.0 in,Fair
1175,2019-07-22,11:50 AM,75 °F,57 °F,53 %,WSW,10 mph,0 mph,30.13 in,0.0 in,Fair
1176,2019-07-22,12:20 PM,75 °F,57 °F,53 %,W,10 mph,0 mph,30.13 in,0.0 in,Fair
1177,2019-07-22,12:50 PM,77 °F,57 °F,50 %,W,9 mph,0 mph,30.13 in,0.0 in,Fair
1178,2019-07-22,1:20 PM,77 °F,57 °F,50 %,W,9 mph,0 mph,30.13 in,0.0 in,Fair
1179,2019-07-22,1:50 PM,77 °F,57 °F,50 %,WNW,7 mph,0 mph,30.10 in,0.0 in,Fair
1180,2019-07-22,2:20 PM,77 °F,57 °F,50 %,SW,6 mph,0 mph,30.10 in,0.0 in,Fair
1181,2019-07-22,2:50 PM,79 °F,57 °F,47 %,WSW,6 mph,0 mph,30.10 in,0.0 in,Fair
1182,2019-07-22,3:20 PM,79 °F,57 °F,47 %,VAR,3 mph,0 mph,30.10 in,0.0 in,Fair
1183,2019-07-22,3:50 PM,81 °F,57 °F,45 %,W,7 mph,0 mph,30.10 in,0.0 in,Fair
1184,2019-07-22,4:20 PM,81 °F,57 °F,45 %,WSW,6 mph,0 mph,30.07 in,0.0 in,Fair
1185,2019-07-22,4:50 PM,82 °F,57 °F,42 %,WSW,6 mph,0 mph,30.07 in,0.0 in,Fair
1186,2019-07-22,5:20 PM,82 °F,57 °F,42 %,WSW,6 mph,0 mph,30.07 in,0.0 in,Fair
1187,2019-07-22,5:50 PM,82 °F,59 °F,45 %,W,5 mph,0 mph,30.07 in,0.0 in,Fair
1188,2019-07-22,6:20 PM,82 °F,59 °F,45 %,SW,5 mph,0 mph,30.07 in,0.0 in,Fair
1189,2019-07-22,6:50 PM,82 °F,57 °F,42 %,WSW,5 mph,0 mph,30.04 in,0.0 in,Fair
1190,2019-07-22,7:20 PM,82 °F,57 °F,42 %,WNW,3 mph,0 mph,30.04 in,0.0 in,Fair
1191,2019-07-22,7:50 PM,82 °F,57 °F,42 %,SW,3 mph,0 mph,30.04 in,0.0 in,Fair
1192,2019-07-22,8:20 PM,81 °F,59 °F,48 %,VAR,2 mph,0 mph,30.04 in,0.0 in,Fair
1193,2019-07-22,8:50 PM,77 °F,61 °F,57 %,S,3 mph,0 mph,30.04 in,0.0 in,Fair
1194,2019-07-22,9:20 PM,75 °F,59 °F,57 %,S,2 mph,0 mph,30.04 in,0.0 in,Fair
1195,2019-07-22,9:50 PM,75 °F,57 °F,53 %,VAR,1 mph,0 mph,30.04 in,0.0 in,Fair
1196,2019-07-22,10:20 PM,70 °F,61 °F,73 %,ENE,1 mph,0 mph,30.04 in,0.0 in,Fair
1197,2019-07-22,10:50 PM,70 °F,63 °F,78 %,ESE,2 mph,0 mph,30.04 in,0.0 in,Fair
1198,2019-07-22,11:20 PM,68 °F,61 °F,78 %,N,5 mph,0 mph,30.07 in,0.0 in,Fair
1199,2019-07-22,11:50 PM,68 °F,61 °F,78 %,NNE,5 mph,0 mph,30.07 in,0.0 in,Fair
